DIN;NA;Non affecté;non;non;NA;DIN;DIN
DINFCT;NA;Non affecté;non;non;NA;DINCFT;DIN
DINFCT;K15DIN01;M-DIN PROJET SI CABLAGE;non;non;K15DIN01CABL;DIN;DINFCT
DINFCT;K15DIN02;M-DIN EXTENSION WIFI SUR LE CAMPUS;non;non;K15DIN02WIFI;DIN;DINFCT
DINFCT;K15DIN03;M-DIN JOUVENCE DES SERVEURS;non;non;K15DIN03JOUV;DIN;DINFCT
DINFCT;K15DIN04;M-DIN OUTIL INFO MEDECINE DE PREVENTION;non;non;K15DIN04;DIN;DINFCT
DINFCT;K16DIN06;M-DIN SI GESTION PORTEFEUILLES PROJETS;non;non;K16DIN06;DIN;DINFCT
DINFCT;K16DIN07;M-DIN RENOUVEL HYPERVISEURS CLOUD UNISTR;non;non;K16DIN07;DIN;DINFCT
DINFCT;K16DIN08;M-DIN OFFRE SAUVEGARDE LABOS CPES ESCAR;non;non;K16DIN08;DIN;DINFCT
DINFCT;K16DIN09;H-DIN CLOUD UNISTRA RECHERCHE;non;non;K16DIN09;DIN;DINFCT
DINFCT;K16DIN10;M-DIN DOUBLE BOUCLE DE FIBRE OPTIQUE;non;non;K16DIN10;DIN;DINFCT
DINFCT;W14DIN01;T-DIN ACCOMPAGNEMENT TRANSVERSAL;oui;non;W14DIN01ACC;DIN;DINFCT
DINFCT;W14DIN03;T-DIN VIRTUALISATION DES RESSOURCES NUM;oui;non;W14DIN03VIRT;DIN;DINFCT
DINFCT;W15DIN01;T- DIN AUTOMATISATION DES PROCESSUS;oui;non;W15DIN01AUTO;DIN;DINFCT
DINFCT;W15DIN02;T- DIN ARCHIVAGE PERENNE;oui;non;W15DIN02ARCH;DIN;DINFCT
DINFCT;W15DIN03;T- DIN DETECTION D'INTRUSIONS;oui;non;W15DIN03INTR;DIN;DINFCT
DINFCT;W15DIN04;T-DIN ACHAT LOGICIEL RECRUTEMENTS;oui;non;W15DIN04LOG;DIN;DINFCT
DINFCT;W16DIN05;T-DIN- FEDERER LE NUMERIQUE INFORPROX;oui;non;W16DIN05FED;DIN;DINFCT
DINFCT;W16DIN06;T-DIN SI DECISIONNEL;oui;non;W16DIN06SI;DIN;DINFCT
DINFCT;W16DIN07;T-DIN GBCP OUTIL;oui;non;W16DIN07GBCP;DIN;DINFCT
DINJOU;NA;Non affecté;non;non;NA;DINJOU;DIN
DINLOG;NA;Non affecté;non;non;NA;DINLOG;DINLOG
DINOSI;NA;Non affecté;non;non;NA;DINOSI;DINOSI
DINOSI;K16DIN11;M-DIN SYST GESTION FIBRES OPTIQUES OSIRI;non;non;K16DIN11;DINOSI;DINOSI
DINRAR;NA;Non affecté;non;non;NA;DINRAR;DINRAR
ECP;NA;Non affecté;non;non;NA;ECP;ECP
ECP1;NA;Non affecté;non;non;NA;ECP1LI;ECP1
ECP2;NA;Non affecté;non;non;NA;ECP2PI;ECP2
ECP2;W15ECP08;T- ECP SYSTEME DE MANAGEM DE LA QUALITE;oui;non;W15ECP08MANA;ECP2;ECP2PI
ECP2;W13ECP04;T-ECP COFINANCEMENT UFA/IDEX;oui;non;W13ECP04UFA;ECP2;ECP2RI
ECP2;M11ECP02;T-ECP RETOURS FC FCOLOBERT;non;non;M11ECP02FCCO;ECP2;ECP2PI
ECP2;M11ECP01;T-ECP RETOURS FC AVD;non;non;M11ECP01FAVD;ECP2;ECP2PI
ECP3;NA;Non affecté;non;non;NA;ECP3DNC;ECP3
ECP3;SA5ECP01;T-ECP PACTE INGENIEURS 15/17 EQUPTS DVPT;non;oui;SA5ECP01;ECP3;ECP3DNC
ECP3;P12ECP02;T-ECP RENFORCEMENT REL IND ECOLE;non;oui;P12ECP02ECOLE;ECP3;ECP3DNC
ECP3;P12ECP01;T-ECP CORDEES DE LA REUSSITE 2011-2012;non;oui;P12ECP01CORD;ECP3;ECP3DNC
ECP3CPI;NA;Non affecté;non;non;NA;ECP3CPI;ECP3CPI
ECP3CPI;W16ECP10;T-ECP PRIX D'EXCELLENCE 2016;oui;non;W16ECP10PRIX;ECP3CPI;ECP3CPI
ECP3CPI;W14ECP06;T-ECP INITIATIVES PEDAGOGIQUES INNOV;oui;non;W14ECP06INOV;ECP3CPI;ECP3CPI
ECP3CPI;W12ECP01;T-ECP CYCLE PREPARATOIRE INTEGRE;oui;non;W12ECP01CPI;ECP3CPI;ECP3CPI
ECP3DP1;NA;Non affecté;non;non;NA;ECP3DP1;ECP3DP1
ECP3DP2;NA;Non affecté;non;non;NA;ECP3DP2;ECP3DP2
ECP3DP3;NA;Non affecté;non;non;NA;ECP3DP3;ECP3DP3
ECP3DP4;NA;Non affecté;non;non;NA;ECP3DP4;ECP3DP4
ECP3DP5;NA;Non affecté;non;non;NA;ECP3DP5;ECP3DP5
ECP3DP6;NA;Non affecté;non;non;NA;ECP3DP6;ECP3DP6
ECP3DP7;NA;Non affecté;non;non;NA;ECP3DP7;ECP3DP7
ECP3DP7;K14ECP02;T-ECP PROFESSEURS INVITES;non;non;K14ECP02PRINV;ECP3ING;ECP3ING
ECP3ING;NA;Non affecté;non;non;NA;ECP3ING;ECP3ING
ECP3ING;W15ECP09;T-ECPM- PLATEFORME IDEX;oui;non;W15ECP09PLAT;ECP3ING;ECP3ING
ECP3ING;W13ECP05;T-ECP ACCOMPAGNEMENT ECI;oui;non;W13ECP05ECI;ECP3ING;ECP3ING
ECP3ING;W13ECP03;T-ECP IFIS;oui;non;W13ECP03IFIS;ECP3ING;ECP3ING
ECP3ING;K15ECP03;T-ECP CURSUS INTEGRE FRANCO ALLEMAND;non;non;K15ECP03;ECP3ING;ECP3ING
PAIE7DIN;NA;Non affecté;non;non;NA;PAIE7DIN2;PAIE7DIN
PAIE7ECP;NA;Non affecté;non;non;NA;PAIE7ECP2;PAIE7ECP
PAIE7R101;NA;Non affecté;non;non;NA;PAIE7R1011;PAIE7R101
R101SEG;NA;Non affecté;non;non;NA;R101SEG;R101SEG
R101SEG;K13ECP01;T-ECP ECPM'INNOV;non;non;K13ECP01INNOV;ECP3DP7;ECP3DP7
R101SEG;W15RMCRE;T-IDEX ECOLE ETE MANAGEMENT CREATIVITE;oui;non;W15RMCRE;R101SEG;R101SEG
R101SEG;W14RACCR;T-IDEX PROJET ACCRO;oui;non;W14RACCR;R101SEG;R101SEG
R101SEG;U13RCOWA;H-IUF COWAN ROBIN MS 2013;oui;non;U13RCOWA;R101SEG;R101SEG
R101SEG;SA4R101A;H-14/101/S06 REGION C. GUTENBERG LANE J.;non;oui;SA4R101A;R101SEG;R101SEG
R101SEG;O15RSWOL;H-SOLDE CONTRATS WOLFF SANDRINE;non;non;O15RSWOL;R101SEG;R101SEG
R101SEG;O15RDAHM;H-DEPENSES ENVIRNT TRAVAIL THESE DAHMANI;non;non;O15RDAHM;R101SEG;R101SEG
R101SEG;O13R101A;H-CHAIRE FRANCO-ALLEMANDE EvoReg MULLER;non;non;O13R101A;R101SEG;R101SEG
R101SEG;AA6R101B;H-16/101/A09 ANR-15-CE26-0011-02 LLERENA;non;oui;AA6R101B;R101SEG;R101SEG
R101SEG;AA6R101A;H-16/101/A08 ANR-15-CE26-0005-04 LLERENA;non;oui;AA6R101A;R101SEG;R101SEG
R101SEG;AA5R101A;H-15/101/A14 ANR-14-FRAL-0007-01 KOEBEL;non;oui;AA5R101A;R101SEG;R101SEG
R101SEG;A13R101A;H-13/101/A19 ANR 12 SOIN 0002 04 PENIN;non;oui;A13R101A;R101SEG;R101SEG
R101SEG;A09R8A24;T-08 SEG 89A24/01 PROLONGATION +5 MOIS;non;oui;A09R8A24/01;R101SEG;R101SEG
R101SEGE01;NA;Non affecté;non;non;NA;R101SEGE01;R101SEGE01
R101SEGE02;NA;Non affecté;non;non;NA;R101SEGE02;R101SEGE02
R101SEGE03;NA;Non affecté;non;non;NA;R101SEGE03;R101SEGE03
R101SEGE04;NA;Non affecté;non;non;NA;R101SEGE04;R101SEGE04
R101SEGE05;NA;Non affecté;non;non;NA;R101SEGE05;R101SEGE05
ANT;NA;Non affecté;non;non;NA;ANT;ANT
APS;NA;Non affecté;non;non;NA;APS;APS
APS2;NA;Non affecté;non;non;NA;APS2;APS2
APS3;NA;Non affecté;non;non;NA;APS3;APS3
APS3DS;NA;Non affecté;non;non;NA;APS3DS;APS3DS
APS3LC;NA;Non affecté;non;non;NA;APS3LC;APS3LC
APS3LP;NA;Non affecté;non;non;NA;APS3LP;APS3LP
APS3MR;NA;Non affecté;non;non;NA;APS3MR;APS3MR
ART;NA;Non affecté;non;non;NA;ART;ART
ART2;NA;Non affecté;non;non;NA;ART2;ART2
ART3;NA;Non affecté;non;non;NA;ART3;ART3
ART3DP1;NA;Non affecté;non;non;NA;ART3DP1;ART3DP1
ART3DP2;NA;Non affecté;non;non;NA;ART3DP2;ART3DP2
ART3DP3;NA;Non affecté;non;non;NA;ART3DP3;ART3DP3
ART4;NA;Non affecté;non;non;NA;ART4;ART4
CHM;NA;Non affecté;non;non;NA;CHM;CHM
CHM1;NA;Non affecté;non;non;NA;CHM1;CHM1
CHM2;NA;Non affecté;non;non;NA;CHM2;CHM2
CHM3;NA;Non affecté;non;non;NA;CHM3;CHM3
CHM3DPC;NA;Non affecté;non;non;NA;CHM3DPC;CHM3DPC
CHM3LP1;NA;Non affecté;non;non;NA;CHM3LP1;CHM3LP1
CHM3MR3;NA;Non affecté;non;non;NA;CHM3MR3;CHM3MR3
CHM71;NA;Non affecté;non;non;NA;CHM71;CHM71
CHM72;NA;Non affecté;non;non;NA;CHM72;CHM72
COM;NA;Non affecté;non;non;NA;COM;COM
CPI;NA;Non affecté;non;non;NA;CPI;CPI
CPI2;NA;Non affecté;non;non;NA;CPI2;CPI2
CPI3;NA;Non affecté;non;non;NA;CPI3;CPI3
CPI4;NA;Non affecté;non;non;NA;CPI4;CPI4
CPI5;NA;Non affecté;non;non;NA;CPI5;CPI5
CPI51;NA;Non affecté;non;non;NA;CPI51;CPI51
CPI52;NA;Non affecté;non;non;NA;CPI52;CPI52
CPI8;NA;Non affecté;non;non;NA;CPI8;CPI8
CUJ;NA;Non affecté;non;non;NA;CUJ;CUJ
CUJ2;NA;Non affecté;non;non;NA;CUJ2;CUJ2
CUJ3;NA;Non affecté;non;non;NA;CUJ3;CUJ3
DAL;NA;Non affecté;non;non;NA;DAL;DAL
DALDPL3;NA;Non affecté;non;non;NA;DALDPL3;DALDPL3
DALIMP;NA;Non affecté;non;non;NA;DALIMP;DALIMP
DALR1;NA;Non affecté;non;non;NA;DALR1;DALR1
DALR2;NA;Non affecté;non;non;NA;DALR2;DALR2
DALR3;NA;Non affecté;non;non;NA;DALR3;DALR3
DALSEC;NA;Non affecté;non;non;NA;DALSEC;DALSEC
DES;NA;Non affecté;non;non;NA;DES;DES
DESAOF;NA;Non affecté;non;non;NA;DESAOF;DESAOF
DESORE;NA;Non affecté;non;non;NA;DESORE;DESORE
DESORG;NA;Non affecté;non;non;NA;DESORG;DESORG
DESPEAP;NA;Non affecté;non;non;NA;DESPEAP;DESPEAP
DESVAE;NA;Non affecté;non;non;NA;DESVAE;DESVAE
DIN;NA;Non affecté;non;non;NA;DIN;DIN
DINFCT;NA;Non affecté;non;non;NA;DINFCT;DINFCT
DINJOU;NA;Non affecté;non;non;NA;DINJOU;DINJOU
DINLOG;NA;Non affecté;non;non;NA;DINLOG;DINLOG
DINOSI;NA;Non affecté;non;non;NA;DINOSI;DINOSI
DINRAR;NA;Non affecté;non;non;NA;DINRAR;DINRAR
DPI;NA;Non affecté;non;non;NA;DPI;DPI
DPIARC;NA;Non affecté;non;non;NA;DPIARC;DPIARC
DPIAS;NA;Non affecté;non;non;NA;DPIAS;DPIAS
DPICM;NA;Non affecté;non;non;NA;DPICM;DPICM
DPICPR;NA;Non affecté;non;non;NA;DPICPR;DPICPR
DPIFCT;NA;Non affecté;non;non;NA;DPIFCT;DPIFCT
DPIFL;NA;Non affecté;non;non;NA;DPIFL;DPIFL
DPILP;NA;Non affecté;non;non;NA;DPILP;DPILP
DPIPAN;NA;Non affecté;non;non;NA;DPIPAN;DPIPAN
DPIPC;NA;Non affecté;non;non;NA;DPIPC;DPIPC
DPIPCBOTA;NA;Non affecté;non;non;NA;DPIPCBOTA;DPIPCBOTA
DPIPCDESCA;NA;Non affecté;non;non;NA;DPIPCDESCA;DPIPCDESCA
DPIPCDRT;NA;Non affecté;non;non;NA;DPIPCDRT;DPIPCDRT
DPIPCINSC;NA;Non affecté;non;non;NA;DPIPCINSC;DPIPCINSC
DPIPCIRMA;NA;Non affecté;non;non;NA;DPIPCIRMA;DPIPCIRMA
DPIPCISIS;NA;Non affecté;non;non;NA;DPIPCISIS;DPIPCISIS
DPIPCLEAR;NA;Non affecté;non;non;NA;DPIPCLEAR;DPIPCLEAR
DPIPCMAIS;NA;Non affecté;non;non;NA;DPIPCMAIS;DPIPCMAIS
DPIPCPARC;NA;Non affecté;non;non;NA;DPIPCPARC;DPIPCPARC
DPIPCPLAN;NA;Non affecté;non;non;NA;DPIPCPLAN;DPIPCPLAN
DPIPCTOUR;NA;Non affecté;non;non;NA;DPIPCTOUR;DPIPCTOUR
DPIPCZOO;NA;Non affecté;non;non;NA;DPIPCZOO;DPIPCZOO
DPIPIM;NA;Non affecté;non;non;NA;DPIPIM;DPIPIM
DPIPRO;NA;Non affecté;non;non;NA;DPIPRO;DPIPRO
DPISIA;NA;Non affecté;non;non;NA;DPISIA;DPISIA
DPISIT;NA;Non affecté;non;non;NA;DPISIT;DPISIT
DPIVTR;NA;Non affecté;non;non;NA;DPIVTR;DPIVTR
DRH;NA;Non affecté;non;non;NA;DRH;DRH
DRHBIL;NA;Non affecté;non;non;NA;DRHBIL;DRHBIL
DRHCCR;NA;Non affecté;non;non;NA;DRHCCR;DRHCCR
DRHENS;NA;Non affecté;non;non;NA;DRHENS;DRHENS
DRHFOR;NA;Non affecté;non;non;NA;DRHFOR;DRHFOR
DRHJUR;NA;Non affecté;non;non;NA;DRHJUR;DRHJUR
DRHMED;NA;Non affecté;non;non;NA;DRHMED;DRHMED
DRHRES;NA;Non affecté;non;non;NA;DRHRES;DRHRES
DRHSOL;NA;Non affecté;non;non;NA;DRHSOL;DRHSOL
DRHSPA;NA;Non affecté;non;non;NA;DRHSPA;DRHSPA
DRI;NA;Non affecté;non;non;NA;DRI;DRI
DRIAO;NA;Non affecté;non;non;NA;DRIAO;DRIAO
DRIATT;NA;Non affecté;non;non;NA;DRIATT;DRIATT
DRICPE;NA;Non affecté;non;non;NA;DRICPE;DRICPE
DRIERA;NA;Non affecté;non;non;NA;DRIERA;DRIERA
DRIEUC;NA;Non affecté;non;non;NA;DRIEUC;DRIEUC
DRIFCT;NA;Non affecté;non;non;NA;DRIFCT;DRIFCT
DRIJAP;NA;Non affecté;non;non;NA;DRIJAP;DRIJAP
DRIMOB;NA;Non affecté;non;non;NA;DRIMOB;DRIMOB
DRIMUI;NA;Non affecté;non;non;NA;DRIMUI;DRIMUI
DRIPOL;NA;Non affecté;non;non;NA;DRIPOL;DRIPOL
DRT;NA;Non affecté;non;non;NA;DRT;DRT
DRT1;NA;Non affecté;non;non;NA;DRT1;DRT1
DRT2;NA;Non affecté;non;non;NA;DRT2;DRT2
DRT2IM;NA;Non affecté;non;non;NA;DRT2IM;DRT2IM
DRT3;NA;Non affecté;non;non;NA;DRT3;DRT3
DRT4;NA;Non affecté;non;non;NA;DRT4;DRT4
DRT5;NA;Non affecté;non;non;NA;DRT5;DRT5
DRT5IEJ;NA;Non affecté;non;non;NA;DRT5IEJ;DRT5IEJ
DUN;NA;Non affecté;non;non;NA;DUN;DUN
DUNAUD;NA;Non affecté;non;non;NA;DUNAUD;DUNAUD
DUNCCN;NA;Non affecté;non;non;NA;DUNCCN;DUNCCN
DUNEAD;NA;Non affecté;non;non;NA;DUNEAD;DUNEAD
DUNFCT;NA;Non affecté;non;non;NA;DUNFCT;DUNFCT
DUNING;NA;Non affecté;non;non;NA;DUNING;DUNING
DUNMAV;NA;Non affecté;non;non;NA;DUNMAV;DUNMAV
DUNPROJ;NA;Non affecté;non;non;NA;DUNPROJ;DUNPROJ
DUNWEB;NA;Non affecté;non;non;NA;DUNWEB;DUNWEB
EAV;NA;Non affecté;non;non;NA;EAV;EAV
EAVENT;NA;Non affecté;non;non;NA;EAVENT;EAVENT
EAVETU;NA;Non affecté;non;non;NA;EAVETU;EAVETU
EAVFCT;NA;Non affecté;non;non;NA;EAVFCT;EAVFCT
EAVJPO;NA;Non affecté;non;non;NA;EAVJPO;EAVJPO
EAVJU;NA;Non affecté;non;non;NA;EAVJU;EAVJU
EAVLY;NA;Non affecté;non;non;NA;EAVLY;EAVLY
EAVNCT;NA;Non affecté;non;non;NA;EAVNCT;EAVNCT
ECP;NA;Non affecté;non;non;NA;ECP;ECP
ECP1;NA;Non affecté;non;non;NA;ECP1;ECP1
ECP2;NA;Non affecté;non;non;NA;ECP2;ECP2
ECP3;NA;Non affecté;non;non;NA;ECP3;ECP3
ECP3CPI;NA;Non affecté;non;non;NA;ECP3CPI;ECP3CPI
ECP3DP1;NA;Non affecté;non;non;NA;ECP3DP1;ECP3DP1
ECP3DP2;NA;Non affecté;non;non;NA;ECP3DP2;ECP3DP2
ECP3DP3;NA;Non affecté;non;non;NA;ECP3DP3;ECP3DP3
ECP3DP4;NA;Non affecté;non;non;NA;ECP3DP4;ECP3DP4
ECP3DP5;NA;Non affecté;non;non;NA;ECP3DP5;ECP3DP5
ECP3DP6;NA;Non affecté;non;non;NA;ECP3DP6;ECP3DP6
ECP3DP7;NA;Non affecté;non;non;NA;ECP3DP7;ECP3DP7
ECP3ING;NA;Non affecté;non;non;NA;ECP3ING;ECP3ING
EDU;NA;Non affecté;non;non;NA;EDU;EDU
EDU1;NA;Non affecté;non;non;NA;EDU1;EDU1
EDU2;NA;Non affecté;non;non;NA;EDU2;EDU2
EDU3;NA;Non affecté;non;non;NA;EDU3;EDU3
EDU3LP1;NA;Non affecté;non;non;NA;EDU3LP1;EDU3LP1
EDU3LP2;NA;Non affecté;non;non;NA;EDU3LP2;EDU3LP2
EDU7TEMP;NA;Non affecté;non;non;NA;EDU7TEMP;EDU7TEMP
EMS;NA;Non affecté;non;non;NA;EMS;EMS
EMS1;NA;Non affecté;non;non;NA;EMS1;EMS1
EMS2;NA;Non affecté;non;non;NA;EMS2;EMS2
EMS2CO;NA;Non affecté;non;non;NA;EMS2CO;EMS2CO
EMS3;NA;Non affecté;non;non;NA;EMS3;EMS3
EMS4;NA;Non affecté;non;non;NA;EMS4;EMS4
EMS4PGE;NA;Non affecté;non;non;NA;EMS4PGE;EMS4PGE
EMS7;NA;Non affecté;non;non;NA;EMS7;EMS7
EMS7A;NA;Non affecté;non;non;NA;EMS7A;EMS7A
EMS8;NA;Non affecté;non;non;NA;EMS8;EMS8
EOT;NA;Non affecté;non;non;NA;EOT;EOT
EOT1;NA;Non affecté;non;non;NA;EOT1;EOT1
EOT2;NA;Non affecté;non;non;NA;EOT2;EOT2
EOT2CO;NA;Non affecté;non;non;NA;EOT2CO;EOT2CO
EOT2ME;NA;Non affecté;non;non;NA;EOT2ME;EOT2ME
EOT2PI;NA;Non affecté;non;non;NA;EOT2PI;EOT2PI
EOT2RI;NA;Non affecté;non;non;NA;EOT2RI;EOT2RI
EOT2RS;NA;Non affecté;non;non;NA;EOT2RS;EOT2RS
EOT2VEH;NA;Non affecté;non;non;NA;EOT2VEH;EOT2VEH
EOT3;NA;Non affecté;non;non;NA;EOT3;EOT3
EOT3ING;NA;Non affecté;non;non;NA;EOT3ING;EOT3ING
EOT3LC;NA;Non affecté;non;non;NA;EOT3LC;EOT3LC
EOT3MR11;NA;Non affecté;non;non;NA;EOT3MR11;EOT3MR11
EOT3MR12;NA;Non affecté;non;non;NA;EOT3MR12;EOT3MR12
EOT5;NA;Non affecté;non;non;NA;EOT5;EOT5
EOT6;NA;Non affecté;non;non;NA;EOT6;EOT6
EOT8;NA;Non affecté;non;non;NA;EOT8;EOT8
EPE;NA;Non affecté;non;non;NA;EPE;EPE
EPE1;NA;Non affecté;non;non;NA;EPE1;EPE1
EPE2;NA;Non affecté;non;non;NA;EPE2;EPE2
EPE3;NA;Non affecté;non;non;NA;EPE3;EPE3
ESB;NA;Non affecté;non;non;NA;ESB;ESB
ESB1;NA;Non affecté;non;non;NA;ESB1;ESB1
ESB2;NA;Non affecté;non;non;NA;ESB2;ESB2
ESB3;NA;Non affecté;non;non;NA;ESB3;ESB3
ESB5;NA;Non affecté;non;non;NA;ESB5;ESB5
ESP;NA;Non affecté;non;non;NA;ESP;ESP
ESP1;NA;Non affecté;non;non;NA;ESP1;ESP1
ESP2;NA;Non affecté;non;non;NA;ESP2;ESP2
ESP3;NA;Non affecté;non;non;NA;ESP3;ESP3
ESP3ING;NA;Non affecté;non;non;NA;ESP3ING;ESP3ING
GEO;NA;Non affecté;non;non;NA;GEO;GEO
GEO1;NA;Non affecté;non;non;NA;GEO1;GEO1
GEO2;NA;Non affecté;non;non;NA;GEO2;GEO2
GEO2VE;NA;Non affecté;non;non;NA;GEO2VE;GEO2VE
GEO3;NA;Non affecté;non;non;NA;GEO3;GEO3
HIS;NA;Non affecté;non;non;NA;HIS;HIS
HIS2;NA;Non affecté;non;non;NA;HIS2;HIS2
HIS3;NA;Non affecté;non;non;NA;HIS3;HIS3
HIS4;NA;Non affecté;non;non;NA;HIS4;HIS4
HIS61;NA;Non affecté;non;non;NA;HIS61;HIS61
HIS62;NA;Non affecté;non;non;NA;HIS62;HIS62
IEF;NA;Non affecté;non;non;NA;IEF;IEF
IEF2;NA;Non affecté;non;non;NA;IEF2;IEF2
IEF4;NA;Non affecté;non;non;NA;IEF4;IEF4
IEF5;NA;Non affecté;non;non;NA;IEF5;IEF5
IEP;NA;Non affecté;non;non;NA;IEP;IEP
IEP1;NA;Non affecté;non;non;NA;IEP1;IEP1
IEP2;NA;Non affecté;non;non;NA;IEP2;IEP2
IEP2IM;NA;Non affecté;non;non;NA;IEP2IM;IEP2IM
IEP3;NA;Non affecté;non;non;NA;IEP3;IEP3
IEP3DET;NA;Non affecté;non;non;NA;IEP3DET;IEP3DET
IEP3DIEP;NA;Non affecté;non;non;NA;IEP3DIEP;IEP3DIEP
IEP3MR1;NA;Non affecté;non;non;NA;IEP3MR1;IEP3MR1
IEP3MR2;NA;Non affecté;non;non;NA;IEP3MR2;IEP3MR2
IEP3MR3;NA;Non affecté;non;non;NA;IEP3MR3;IEP3MR3
IEP3MR4;NA;Non affecté;non;non;NA;IEP3MR4;IEP3MR4
IEP3MR5;NA;Non affecté;non;non;NA;IEP3MR5;IEP3MR5
IEP5;NA;Non affecté;non;non;NA;IEP5;IEP5
IHA;NA;Non affecté;non;non;NA;IHA;IHA
IHA1;NA;Non affecté;non;non;NA;IHA1;IHA1
IHA2;NA;Non affecté;non;non;NA;IHA2;IHA2
IHA2PAI;NA;Non affecté;non;non;NA;IHA2PAI;IHA2PAI
IHA3;NA;Non affecté;non;non;NA;IHA3;IHA3
IHA3DP1;NA;Non affecté;non;non;NA;IHA3DP1;IHA3DP1
IHA3DP2;NA;Non affecté;non;non;NA;IHA3DP2;IHA3DP2
IHA3DP3;NA;Non affecté;non;non;NA;IHA3DP3;IHA3DP3
ILL;NA;Non affecté;non;non;NA;ILL;ILL
ILL1;NA;Non affecté;non;non;NA;ILL1;ILL1
ILL2;NA;Non affecté;non;non;NA;ILL2;ILL2
ILL2PAI;NA;Non affecté;non;non;NA;ILL2PAI;ILL2PAI
ILL3;NA;Non affecté;non;non;NA;ILL3;ILL3
ILL3DP1;NA;Non affecté;non;non;NA;ILL3DP1;ILL3DP1
ILL3DP2;NA;Non affecté;non;non;NA;ILL3DP2;ILL3DP2
ILL3DP3;NA;Non affecté;non;non;NA;ILL3DP3;ILL3DP3
ILL3DP4;NA;Non affecté;non;non;NA;ILL3DP4;ILL3DP4
ILL3DP5;NA;Non affecté;non;non;NA;ILL3DP5;ILL3DP5
ISC;NA;Non affecté;non;non;NA;ISC;ISC
ISC1;NA;Non affecté;non;non;NA;ISC1;ISC1
ISC2;NA;Non affecté;non;non;NA;ISC2;ISC2
ISC2PAI;NA;Non affecté;non;non;NA;ISC2PAI;ISC2PAI
ISC3;NA;Non affecté;non;non;NA;ISC3;ISC3
ISC3DP1;NA;Non affecté;non;non;NA;ISC3DP1;ISC3DP1
ISC3DP2;NA;Non affecté;non;non;NA;ISC3DP2;ISC3DP2
ISC3DP3;NA;Non affecté;non;non;NA;ISC3DP3;ISC3DP3
ISC3DP4;NA;Non affecté;non;non;NA;ISC3DP4;ISC3DP4
ISC3DTC;NA;Non affecté;non;non;NA;ISC3DTC;ISC3DTC
ISC3LP1;NA;Non affecté;non;non;NA;ISC3LP1;ISC3LP1
ISC3LP2;NA;Non affecté;non;non;NA;ISC3LP2;ISC3LP2
ISC3LP3;NA;Non affecté;non;non;NA;ISC3LP3;ISC3LP3
ISC3LP4;NA;Non affecté;non;non;NA;ISC3LP4;ISC3LP4
ISC3LP6;NA;Non affecté;non;non;NA;ISC3LP6;ISC3LP6
ISC3LPC;NA;Non affecté;non;non;NA;ISC3LPC;ISC3LPC
ISC7;NA;Non affecté;non;non;NA;ISC7;ISC7
ITR;NA;Non affecté;non;non;NA;ITR;ITR
ITR1;NA;Non affecté;non;non;NA;ITR1;ITR1
ITR2;NA;Non affecté;non;non;NA;ITR2;ITR2
ITR5;NA;Non affecté;non;non;NA;ITR5;ITR5
LET;NA;Non affecté;non;non;NA;LET;LET
LET2;NA;Non affecté;non;non;NA;LET2;LET2
LET3;NA;Non affecté;non;non;NA;LET3;LET3
LET8;NA;Non affecté;non;non;NA;LET8;LET8
MAI;NA;Non affecté;non;non;NA;MAI;MAI
MAI1;NA;Non affecté;non;non;NA;MAI1;MAI1
MAI2;NA;Non affecté;non;non;NA;MAI2;MAI2
MAI2A;NA;Non affecté;non;non;NA;MAI2A;MAI2A
MAI2B;NA;Non affecté;non;non;NA;MAI2B;MAI2B
MAI2IM;NA;Non affecté;non;non;NA;MAI2IM;MAI2IM
MAI3;NA;Non affecté;non;non;NA;MAI3;MAI3
MAI3A;NA;Non affecté;non;non;NA;MAI3A;MAI3A
MAI3B;NA;Non affecté;non;non;NA;MAI3B;MAI3B
MAI4DUA2;NA;Non affecté;non;non;NA;MAI4DUA2;MAI4DUA2
MAI5;NA;Non affecté;non;non;NA;MAI5;MAI5
MAI71;NA;Non affecté;non;non;NA;MAI71;MAI71
MAI72;NA;Non affecté;non;non;NA;MAI72;MAI72
MAI8;NA;Non affecté;non;non;NA;MAI8;MAI8
MED;NA;Non affecté;non;non;NA;MED;MED
MED1;NA;Non affecté;non;non;NA;MED1;MED1
MED2;NA;Non affecté;non;non;NA;MED2;MED2
MED2IM;NA;Non affecté;non;non;NA;MED2IM;MED2IM
MED2SC;NA;Non affecté;non;non;NA;MED2SC;MED2SC
MED3;NA;Non affecté;non;non;NA;MED3;MED3
MED3HO;NA;Non affecté;non;non;NA;MED3HO;MED3HO
MED5;NA;Non affecté;non;non;NA;MED5;MED5
MED5FCFI;NA;Non affecté;non;non;NA;MED5FCFI;MED5FCFI
MED8;NA;Non affecté;non;non;NA;MED8;MED8
ODO;NA;Non affecté;non;non;NA;ODO;ODO
ODO1;NA;Non affecté;non;non;NA;ODO1;ODO1
ODO2;NA;Non affecté;non;non;NA;ODO2;ODO2
ODO3;NA;Non affecté;non;non;NA;ODO3;ODO3
ODO4;NA;Non affecté;non;non;NA;ODO4;ODO4
ODO4DU1;NA;Non affecté;non;non;NA;ODO4DU1;ODO4DU1
ODO4DU3;NA;Non affecté;non;non;NA;ODO4DU3;ODO4DU3
ODO4DU4;NA;Non affecté;non;non;NA;ODO4DU4;ODO4DU4
ODO4DU6;NA;Non affecté;non;non;NA;ODO4DU6;ODO4DU6
ODO4DU7;NA;Non affecté;non;non;NA;ODO4DU7;ODO4DU7
ODO4DU8;NA;Non affecté;non;non;NA;ODO4DU8;ODO4DU8
ODO5ND2;NA;Non affecté;non;non;NA;ODO5ND2;ODO5ND2
P7R10MISH;NA;Non affecté;non;non;NA;P7R10MISH;P7R10MISH
P7R11CDPF;NA;Non affecté;non;non;NA;P7R11CDPF;P7R11CDPF
P7R11CEIE;NA;Non affecté;non;non;NA;P7R11CEIE;P7R11CEIE
P7R11DRES;NA;Non affecté;non;non;NA;P7R11DRES;P7R11DRES
P7R11EUMU;NA;Non affecté;non;non;NA;P7R11EUMU;P7R11EUMU
P7R11IRCM;NA;Non affecté;non;non;NA;P7R11IRCM;P7R11IRCM
P7R11LRCE;NA;Non affecté;non;non;NA;P7R11LRCE;P7R11LRCE
P7R11SAGE;NA;Non affecté;non;non;NA;P7R11SAGE;P7R11SAGE
P7R12DYNA;NA;Non affecté;non;non;NA;P7R12DYNA;P7R12DYNA
P7R13BETA;NA;Non affecté;non;non;NA;P7R13BETA;P7R13BETA
P7R13HUMA;NA;Non affecté;non;non;NA;P7R13HUMA;P7R13HUMA
P7R13LARG;NA;Non affecté;non;non;NA;P7R13LARG;P7R13LARG
P7R14AHME;NA;Non affecté;non;non;NA;P7R14AHME;P7R14AHME
P7R14ARCH;NA;Non affecté;non;non;NA;P7R14ARCH;P7R14ARCH
P7R14LIVE;NA;Non affecté;non;non;NA;P7R14LIVE;P7R14LIVE
P7R15LISE;NA;Non affecté;non;non;NA;P7R15LISE;P7R15LISE
P7R15LNCA;NA;Non affecté;non;non;NA;P7R15LNCA;P7R15LNCA
P7R15LPCO;NA;Non affecté;non;non;NA;P7R15LPCO;P7R15LPCO
P7R15SULI;NA;Non affecté;non;non;NA;P7R15SULI;P7R15SULI
P7R16CARR;NA;Non affecté;non;non;NA;P7R16CARR;P7R16CARR
P7R16CHER;NA;Non affecté;non;non;NA;P7R16CHER;P7R16CHER
P7R16CLIT;NA;Non affecté;non;non;NA;P7R16CLIT;P7R16CLIT
P7R16EGER;NA;Non affecté;non;non;NA;P7R16EGER;P7R16EGER
P7R16GEOS;NA;Non affecté;non;non;NA;P7R16GEOS;P7R16GEOS
P7R16LILP;NA;Non affecté;non;non;NA;P7R16LILP;P7R16LILP
P7R16SEAR;NA;Non affecté;non;non;NA;P7R16SEAR;P7R16SEAR
P7R17PHAC;NA;Non affecté;non;non;NA;P7R17PHAC;P7R17PHAC
P7R17TCSR;NA;Non affecté;non;non;NA;P7R17TCSR;P7R17TCSR
P7R17TPRO;NA;Non affecté;non;non;NA;P7R17TPRO;P7R17TPRO
P7R18ACCR;NA;Non affecté;non;non;NA;P7R18ACCR;P7R18ACCR
P7R21IRMA;NA;Non affecté;non;non;NA;P7R21IRMA;P7R21IRMA
P7R22ICUB;NA;Non affecté;non;non;NA;P7R22ICUB;P7R22ICUB
P7R31EOST;NA;Non affecté;non;non;NA;P7R31EOST;P7R31EOST
P7R31IPGS;NA;Non affecté;non;non;NA;P7R31IPGS;P7R31IPGS
P7R31LHYG;NA;Non affecté;non;non;NA;P7R31LHYG;P7R31LHYG
P7R31OBAS;NA;Non affecté;non;non;NA;P7R31OBAS;P7R31OBAS
P7R32CHIM;NA;Non affecté;non;non;NA;P7R32CHIM;P7R32CHIM
P7R32CHSC;NA;Non affecté;non;non;NA;P7R32CHSC;P7R32CHSC
P7R32CMCX;NA;Non affecté;non;non;NA;P7R32CMCX;P7R32CMCX
P7R32ICPE;NA;Non affecté;non;non;NA;P7R32ICPE;P7R32ICPE
P7R32IPCM;NA;Non affecté;non;non;NA;P7R32IPCM;P7R32IPCM
P7R32IPHC;NA;Non affecté;non;non;NA;P7R32IPHC;P7R32IPHC
P7R32ISIS;NA;Non affecté;non;non;NA;P7R32ISIS;P7R32ISIS
P7R32LDCM;NA;Non affecté;non;non;NA;P7R32LDCM;P7R32LDCM
P7R41BSIC;NA;Non affecté;non;non;NA;P7R41BSIC;P7R41BSIC
P7R41GMGM;NA;Non affecté;non;non;NA;P7R41GMGM;P7R41GMGM
P7R41MCPN;NA;Non affecté;non;non;NA;P7R41MCPN;P7R41MCPN
P7R41SVQV;NA;Non affecté;non;non;NA;P7R41SVQV;P7R41SVQV
P7R42BPPS;NA;Non affecté;non;non;NA;P7R42BPPS;P7R42BPPS
P7R42CAMB;NA;Non affecté;non;non;NA;P7R42CAMB;P7R42CAMB
P7R42DIAT;NA;Non affecté;non;non;NA;P7R42DIAT;P7R42DIAT
P7R42DIHP;NA;Non affecté;non;non;NA;P7R42DIHP;P7R42DIHP
P7R42IGBM;NA;Non affecté;non;non;NA;P7R42IGBM;P7R42IGBM
P7R42IMVH;NA;Non affecté;non;non;NA;P7R42IMVH;P7R42IMVH
P7R42IRHM;NA;Non affecté;non;non;NA;P7R42IRHM;P7R42IRHM
P7R42LBPH;NA;Non affecté;non;non;NA;P7R42LBPH;P7R42LBPH
P7R42LITH;NA;Non affecté;non;non;NA;P7R42LITH;P7R42LITH
P7R42LNPC;NA;Non affecté;non;non;NA;P7R42LNPC;P7R42LNPC
P7R42MSOP;NA;Non affecté;non;non;NA;P7R42MSOP;P7R42MSOP
P7R42PCBI;NA;Non affecté;non;non;NA;P7R42PCBI;P7R42PCBI
P7R42PTMA;NA;Non affecté;non;non;NA;P7R42PTMA;P7R42PTMA
P7R42SVTT;NA;Non affecté;non;non;NA;P7R42SVTT;P7R42SVTT
P7R42TOXI;NA;Non affecté;non;non;NA;P7R42TOXI;P7R42TOXI
P7R42VIBP;NA;Non affecté;non;non;NA;P7R42VIBP;P7R42VIBP
P7R42VSDS;NA;Non affecté;non;non;NA;P7R42VSDS;P7R42VSDS
P7R44SPSS;NA;Non affecté;non;non;NA;P7R44SPSS;P7R44SPSS
P7R50CRYO;NA;Non affecté;non;non;NA;P7R50CRYO;P7R50CRYO
PAG;NA;Non affecté;non;non;NA;PAG;PAG
PAG1;NA;Non affecté;non;non;NA;PAG1;PAG1
PAG2;NA;Non affecté;non;non;NA;PAG2;PAG2
PAG3;NA;Non affecté;non;non;NA;PAG3;PAG3
PAG5;NA;Non affecté;non;non;NA;PAG5;PAG5
PAIE;NA;Non affecté;non;non;NA;PAIE;PAIE
PAIE1;NA;Non affecté;non;non;NA;PAIE1;PAIE1
PAIE2;NA;Non affecté;non;non;NA;PAIE2;PAIE2
PAIE3;NA;Non affecté;non;non;NA;PAIE3;PAIE3
PAIE5;NA;Non affecté;non;non;NA;PAIE5;PAIE5
PAIE6;NA;Non affecté;non;non;NA;PAIE6;PAIE6
PAIE7ACT;NA;Non affecté;non;non;NA;PAIE7ACT;PAIE7ACT
PAIE7APS;NA;Non affecté;non;non;NA;PAIE7APS;PAIE7APS
PAIE7ART;NA;Non affecté;non;non;NA;PAIE7ART;PAIE7ART
PAIE7CFM;NA;Non affecté;non;non;NA;PAIE7CFM;PAIE7CFM
PAIE7CHM;NA;Non affecté;non;non;NA;PAIE7CHM;PAIE7CHM
PAIE7CHMAG;NA;Non affecté;non;non;NA;PAIE7CHMAG;PAIE7CHMAG
PAIE7CMS;NA;Non affecté;non;non;NA;PAIE7CMS;PAIE7CMS
PAIE7COM;NA;Non affecté;non;non;NA;PAIE7COM;PAIE7COM
PAIE7CPI;NA;Non affecté;non;non;NA;PAIE7CPI;PAIE7CPI
PAIE7CUJ;NA;Non affecté;non;non;NA;PAIE7CUJ;PAIE7CUJ
PAIE7DAL;NA;Non affecté;non;non;NA;PAIE7DAL;PAIE7DAL
PAIE7DES;NA;Non affecté;non;non;NA;PAIE7DES;PAIE7DES
PAIE7DIN;NA;Non affecté;non;non;NA;PAIE7DIN;PAIE7DIN
PAIE7DPC;NA;Non affecté;non;non;NA;PAIE7DPC;PAIE7DPC
PAIE7DPI;NA;Non affecté;non;non;NA;PAIE7DPI;PAIE7DPI
PAIE7DRH;NA;Non affecté;non;non;NA;PAIE7DRH;PAIE7DRH
PAIE7DRI;NA;Non affecté;non;non;NA;PAIE7DRI;PAIE7DRI
PAIE7DRT;NA;Non affecté;non;non;NA;PAIE7DRT;PAIE7DRT
PAIE7DUN;NA;Non affecté;non;non;NA;PAIE7DUN;PAIE7DUN
PAIE7EAV;NA;Non affecté;non;non;NA;PAIE7EAV;PAIE7EAV
PAIE7ECP;NA;Non affecté;non;non;NA;PAIE7ECP;PAIE7ECP
PAIE7EDU;NA;Non affecté;non;non;NA;PAIE7EDU;PAIE7EDU
PAIE7EMS;NA;Non affecté;non;non;NA;PAIE7EMS;PAIE7EMS
PAIE7EOT;NA;Non affecté;non;non;NA;PAIE7EOT;PAIE7EOT
PAIE7EPE;NA;Non affecté;non;non;NA;PAIE7EPE;PAIE7EPE
PAIE7ESB;NA;Non affecté;non;non;NA;PAIE7ESB;PAIE7ESB
PAIE7ESP;NA;Non affecté;non;non;NA;PAIE7ESP;PAIE7ESP
PAIE7FDR;NA;Non affecté;non;non;NA;PAIE7FDR;PAIE7FDR
PAIE7GEO;NA;Non affecté;non;non;NA;PAIE7GEO;PAIE7GEO
PAIE7HIS;NA;Non affecté;non;non;NA;PAIE7HIS;PAIE7HIS
PAIE7IEF;NA;Non affecté;non;non;NA;PAIE7IEF;PAIE7IEF
PAIE7IEP;NA;Non affecté;non;non;NA;PAIE7IEP;PAIE7IEP
PAIE7IHA;NA;Non affecté;non;non;NA;PAIE7IHA;PAIE7IHA
PAIE7ILL;NA;Non affecté;non;non;NA;PAIE7ILL;PAIE7ILL
PAIE7ISC;NA;Non affecté;non;non;NA;PAIE7ISC;PAIE7ISC
PAIE7ITR;NA;Non affecté;non;non;NA;PAIE7ITR;PAIE7ITR
PAIE7JDS;NA;Non affecté;non;non;NA;PAIE7JDS;PAIE7JDS
PAIE7LET;NA;Non affecté;non;non;NA;PAIE7LET;PAIE7LET
PAIE7MAI;NA;Non affecté;non;non;NA;PAIE7MAI;PAIE7MAI
PAIE7MED;NA;Non affecté;non;non;NA;PAIE7MED;PAIE7MED
PAIE7MUI;NA;Non affecté;non;non;NA;PAIE7MUI;PAIE7MUI
PAIE7NET;NA;Non affecté;non;non;NA;PAIE7NET;PAIE7NET
PAIE7ODO;NA;Non affecté;non;non;NA;PAIE7ODO;PAIE7ODO
PAIE7PAG;NA;Non affecté;non;non;NA;PAIE7PAG;PAIE7PAG
PAIE7PHA;NA;Non affecté;non;non;NA;PAIE7PHA;PAIE7PHA
PAIE7PHI;NA;Non affecté;non;non;NA;PAIE7PHI;PAIE7PHI
PAIE7PLI;NA;Non affecté;non;non;NA;PAIE7PLI;PAIE7PLI
PAIE7PRE;NA;Non affecté;non;non;NA;PAIE7PRE;PAIE7PRE
PAIE7PSE;NA;Non affecté;non;non;NA;PAIE7PSE;PAIE7PSE
PAIE7PSY;NA;Non affecté;non;non;NA;PAIE7PSY;PAIE7PSY
PAIE7SAS;NA;Non affecté;non;non;NA;PAIE7SAS;PAIE7SAS
PAIE7SCD;NA;Non affecté;non;non;NA;PAIE7SCD;PAIE7SCD
PAIE7SEG;NA;Non affecté;non;non;NA;PAIE7SEG;PAIE7SEG
PAIE7SFC;NA;Non affecté;non;non;NA;PAIE7SFC;PAIE7SFC
PAIE7SOC;NA;Non affecté;non;non;NA;PAIE7SOC;PAIE7SOC
PAIE7SPA;NA;Non affecté;non;non;NA;PAIE7SPA;PAIE7SPA
PAIE7SRA;NA;Non affecté;non;non;NA;PAIE7SRA;PAIE7SRA
PAIE7SUM;NA;Non affecté;non;non;NA;PAIE7SUM;PAIE7SUM
PAIE7SVU;NA;Non affecté;non;non;NA;PAIE7SVU;PAIE7SVU
PAIE7THC;NA;Non affecté;non;non;NA;PAIE7THC;PAIE7THC
PAIE7THP;NA;Non affecté;non;non;NA;PAIE7THP;PAIE7THP
PAIE7VIE;NA;Non affecté;non;non;NA;PAIE7VIE;PAIE7VIE
PAIEAUT;NA;Non affecté;non;non;NA;PAIEAUT;PAIEAUT
PHA;NA;Non affecté;non;non;NA;PHA;PHA
PHA1;NA;Non affecté;non;non;NA;PHA1;PHA1
PHA2;NA;Non affecté;non;non;NA;PHA2;PHA2
PHA3;NA;Non affecté;non;non;NA;PHA3;PHA3
PHA5;NA;Non affecté;non;non;NA;PHA5;PHA5
PHI;NA;Non affecté;non;non;NA;PHI;PHI
PHI1;NA;Non affecté;non;non;NA;PHI1;PHI1
PHI2;NA;Non affecté;non;non;NA;PHI2;PHI2
PHI3;NA;Non affecté;non;non;NA;PHI3;PHI3
PHI3CIT;NA;Non affecté;non;non;NA;PHI3CIT;PHI3CIT
PHI3LC;NA;Non affecté;non;non;NA;PHI3LC;PHI3LC
PHI3LC1;NA;Non affecté;non;non;NA;PHI3LC1;PHI3LC1
PHI3LC2;NA;Non affecté;non;non;NA;PHI3LC2;PHI3LC2
PHI3LP1;NA;Non affecté;non;non;NA;PHI3LP1;PHI3LP1
PHI3LP2;NA;Non affecté;non;non;NA;PHI3LP2;PHI3LP2
PHI3LP3;NA;Non affecté;non;non;NA;PHI3LP3;PHI3LP3
PHI3LP4;NA;Non affecté;non;non;NA;PHI3LP4;PHI3LP4
PHI3LP5;NA;Non affecté;non;non;NA;PHI3LP5;PHI3LP5
PHI3MIGE;NA;Non affecté;non;non;NA;PHI3MIGE;PHI3MIGE
PHI3MR;NA;Non affecté;non;non;NA;PHI3MR;PHI3MR
PHI3MR1;NA;Non affecté;non;non;NA;PHI3MR1;PHI3MR1
PHI3MR2;NA;Non affecté;non;non;NA;PHI3MR2;PHI3MR2
PHI3MR3;NA;Non affecté;non;non;NA;PHI3MR3;PHI3MR3
PHI3MR4;NA;Non affecté;non;non;NA;PHI3MR4;PHI3MR4
PHI3PLF;NA;Non affecté;non;non;NA;PHI3PLF;PHI3PLF
PHI3SAB;NA;Non affecté;non;non;NA;PHI3SAB;PHI3SAB
PLI;NA;Non affecté;non;non;NA;PLI;PLI
PLI2;NA;Non affecté;non;non;NA;PLI2;PLI2
PLI3;NA;Non affecté;non;non;NA;PLI3;PLI3
PLI5;NA;Non affecté;non;non;NA;PLI5;PLI5
PRE;NA;Non affecté;non;non;NA;PRE;PRE
PRECOT;NA;Non affecté;non;non;NA;PRECOT;PRECOT
PREFCT;NA;Non affecté;non;non;NA;PREFCT;PREFCT
PREPIA;NA;Non affecté;non;non;NA;PREPIA;PREPIA
PREPIAEASE;NA;Non affecté;non;non;NA;PREPIAEASE;PREPIAEASE
PREPIAECO;NA;Non affecté;non;non;NA;PREPIAECO;PREPIAECO
PREPIAFOR;NA;Non affecté;non;non;NA;PREPIAFOR;PREPIAFOR
PREPIAMEO;NA;Non affecté;non;non;NA;PREPIAMEO;PREPIAMEO
PREPIAMSA;NA;Non affecté;non;non;NA;PREPIAMSA;PREPIAMSA
PREPIAPIL;NA;Non affecté;non;non;NA;PREPIAPIL;PREPIAPIL
PREPIARCH;NA;Non affecté;non;non;NA;PREPIARCH;PREPIARCH
PREPIASOC;NA;Non affecté;non;non;NA;PREPIASOC;PREPIASOC
PREPRO;NA;Non affecté;non;non;NA;PREPRO;PREPRO
PSE;NA;Non affecté;non;non;NA;PSE;PSE
PSY;NA;Non affecté;non;non;NA;PSY;PSY
PSY1;NA;Non affecté;non;non;NA;PSY1;PSY1
PSY2;NA;Non affecté;non;non;NA;PSY2;PSY2
PSY3;NA;Non affecté;non;non;NA;PSY3;PSY3
PUSACT;NA;Non affecté;non;non;NA;PUSACT;PUSACT
PUSAMOR;NA;Non affecté;non;non;NA;PUSAMOR;PUSAMOR
R10ED101;NA;Non affecté;non;non;NA;R10ED101;R10ED101
R10ED520;NA;Non affecté;non;non;NA;R10ED520;R10ED520
R10MISH;NA;Non affecté;non;non;NA;R10MISH;R10MISH
R11CDPF;NA;Non affecté;non;non;NA;R11CDPF;R11CDPF
R11CEIE;NA;Non affecté;non;non;NA;R11CEIE;R11CEIE
R11DRES;NA;Non affecté;non;non;NA;R11DRES;R11DRES
R11DRESE01;NA;Non affecté;non;non;NA;R11DRESE01;R11DRESE01
R11DRESE02;NA;Non affecté;non;non;NA;R11DRESE02;R11DRESE02
R11DRESE03;NA;Non affecté;non;non;NA;R11DRESE03;R11DRESE03
R11DRESE04;NA;Non affecté;non;non;NA;R11DRESE04;R11DRESE04
R11DRESE05;NA;Non affecté;non;non;NA;R11DRESE05;R11DRESE05
R11EUMU;NA;Non affecté;non;non;NA;R11EUMU;R11EUMU
R11IRCM;NA;Non affecté;non;non;NA;R11IRCM;R11IRCM
R11LRCE;NA;Non affecté;non;non;NA;R11LRCE;R11LRCE
R11SAGE;NA;Non affecté;non;non;NA;R11SAGE;R11SAGE
R12DYNA;NA;Non affecté;non;non;NA;R12DYNA;R12DYNA
R12DYNAE01;NA;Non affecté;non;non;NA;R12DYNAE01;R12DYNAE01
R12DYNAE02;NA;Non affecté;non;non;NA;R12DYNAE02;R12DYNAE02
R12DYNAE03;NA;Non affecté;non;non;NA;R12DYNAE03;R12DYNAE03
R12ED519;NA;Non affecté;non;non;NA;R12ED519;R12ED519
R13BETA;NA;Non affecté;non;non;NA;R13BETA;R13BETA
R13BETAE01;NA;Non affecté;non;non;NA;R13BETAE01;R13BETAE01
R13BETAE02;NA;Non affecté;non;non;NA;R13BETAE02;R13BETAE02
R13BETAE03;NA;Non affecté;non;non;NA;R13BETAE03;R13BETAE03
R13BETAE04;NA;Non affecté;non;non;NA;R13BETAE04;R13BETAE04
R13BETAE05;NA;Non affecté;non;non;NA;R13BETAE05;R13BETAE05
R13ED221;NA;Non affecté;non;non;NA;R13ED221;R13ED221
R13HUMA;NA;Non affecté;non;non;NA;R13HUMA;R13HUMA
R13IRIS;NA;Non affecté;non;non;NA;R13IRIS;R13IRIS
R13IRISE02;NA;Non affecté;non;non;NA;R13IRISE02;R13IRISE02
R13LARG;NA;Non affecté;non;non;NA;R13LARG;R13LARG
R14AHME;NA;Non affecté;non;non;NA;R14AHME;R14AHME
R14ARCH;NA;Non affecté;non;non;NA;R14ARCH;R14ARCH
R14LIVE;NA;Non affecté;non;non;NA;R14LIVE;R14LIVE
R15LISE;NA;Non affecté;non;non;NA;R15LISE;R15LISE
R15LNCA;NA;Non affecté;non;non;NA;R15LNCA;R15LNCA
R15LPCO;NA;Non affecté;non;non;NA;R15LPCO;R15LPCO
R15SULI;NA;Non affecté;non;non;NA;R15SULI;R15SULI
R16CARR;NA;Non affecté;non;non;NA;R16CARR;R16CARR
R16CHER;NA;Non affecté;non;non;NA;R16CHER;R16CHER
R16CLIT;NA;Non affecté;non;non;NA;R16CLIT;R16CLIT
R16EGER;NA;Non affecté;non;non;NA;R16EGER;R16EGER
R16GEOS;NA;Non affecté;non;non;NA;R16GEOS;R16GEOS
R16LILP;NA;Non affecté;non;non;NA;R16LILP;R16LILP
R16SEAR;NA;Non affecté;non;non;NA;R16SEAR;R16SEAR
R17ED270;NA;Non affecté;non;non;NA;R17ED270;R17ED270
R17PHAC;NA;Non affecté;non;non;NA;R17PHAC;R17PHAC
R17TCSR;NA;Non affecté;non;non;NA;R17TCSR;R17TCSR
R17TPRO;NA;Non affecté;non;non;NA;R17TPRO;R17TPRO
R18ACCR;NA;Non affecté;non;non;NA;R18ACCR;R18ACCR
R1JCSHS;NA;Non affecté;non;non;NA;R1JCSHS;R1JCSHS
R20ED269;NA;Non affecté;non;non;NA;R20ED269;R20ED269
R21IRMA;NA;Non affecté;non;non;NA;R21IRMA;R21IRMA
R21IRMABIB;NA;Non affecté;non;non;NA;R21IRMABIB;R21IRMABIB
R22ICUB;NA;Non affecté;non;non;NA;R22ICUB;R22ICUB
R22ICUBE01;NA;Non affecté;non;non;NA;R22ICUBE01;R22ICUBE01
R22ICUBE02;NA;Non affecté;non;non;NA;R22ICUBE02;R22ICUBE02
R22ICUBE03;NA;Non affecté;non;non;NA;R22ICUBE03;R22ICUBE03
R22ICUBE04;NA;Non affecté;non;non;NA;R22ICUBE04;R22ICUBE04
R22ICUBE05;NA;Non affecté;non;non;NA;R22ICUBE05;R22ICUBE05
R22ICUBE06;NA;Non affecté;non;non;NA;R22ICUBE06;R22ICUBE06
R22ICUBE07;NA;Non affecté;non;non;NA;R22ICUBE07;R22ICUBE07
R22ICUBE08;NA;Non affecté;non;non;NA;R22ICUBE08;R22ICUBE08
R22ICUBE09;NA;Non affecté;non;non;NA;R22ICUBE09;R22ICUBE09
R22ICUBE10;NA;Non affecté;non;non;NA;R22ICUBE10;R22ICUBE10
R22ICUBE11;NA;Non affecté;non;non;NA;R22ICUBE11;R22ICUBE11
R22ICUBE12;NA;Non affecté;non;non;NA;R22ICUBE12;R22ICUBE12
R22ICUBE13;NA;Non affecté;non;non;NA;R22ICUBE13;R22ICUBE13
R22ICUBE14;NA;Non affecté;non;non;NA;R22ICUBE14;R22ICUBE14
R22ICUBE15;NA;Non affecté;non;non;NA;R22ICUBE15;R22ICUBE15
R22ICUBE16;NA;Non affecté;non;non;NA;R22ICUBE16;R22ICUBE16
R22ICUBE17;NA;Non affecté;non;non;NA;R22ICUBE17;R22ICUBE17
R22ICUBE18;NA;Non affecté;non;non;NA;R22ICUBE18;R22ICUBE18
R22ICUBE19;NA;Non affecté;non;non;NA;R22ICUBE19;R22ICUBE19
R22ICUBE20;NA;Non affecté;non;non;NA;R22ICUBE20;R22ICUBE20
R2JCMISI;NA;Non affecté;non;non;NA;R2JCMISI;R2JCMISI
R31ED413;NA;Non affecté;non;non;NA;R31ED413;R31ED413
R31EOST;NA;Non affecté;non;non;NA;R31EOST;R31EOST
R31EOSTE01;NA;Non affecté;non;non;NA;R31EOSTE01;R31EOSTE01
R31EOSTE02;NA;Non affecté;non;non;NA;R31EOSTE02;R31EOSTE02
R31EOSTE03;NA;Non affecté;non;non;NA;R31EOSTE03;R31EOSTE03
R31EOSTE04;NA;Non affecté;non;non;NA;R31EOSTE04;R31EOSTE04
R31EOSTE05;NA;Non affecté;non;non;NA;R31EOSTE05;R31EOSTE05
R31EOSTE06;NA;Non affecté;non;non;NA;R31EOSTE06;R31EOSTE06
R31EOSTE07;NA;Non affecté;non;non;NA;R31EOSTE07;R31EOSTE07
R31EOSTE08;NA;Non affecté;non;non;NA;R31EOSTE08;R31EOSTE08
R31EOSTE09;NA;Non affecté;non;non;NA;R31EOSTE09;R31EOSTE09
R31EOSTE10;NA;Non affecté;non;non;NA;R31EOSTE10;R31EOSTE10
R31EOSTE11;NA;Non affecté;non;non;NA;R31EOSTE11;R31EOSTE11
R31EOSTE12;NA;Non affecté;non;non;NA;R31EOSTE12;R31EOSTE12
R31IPGS;NA;Non affecté;non;non;NA;R31IPGS;R31IPGS
R31IPGSE01;NA;Non affecté;non;non;NA;R31IPGSE01;R31IPGSE01
R31IPGSE02;NA;Non affecté;non;non;NA;R31IPGSE02;R31IPGSE02
R31IPGSE03;NA;Non affecté;non;non;NA;R31IPGSE03;R31IPGSE03
R31IPGSE04;NA;Non affecté;non;non;NA;R31IPGSE04;R31IPGSE04
R31LHYG;NA;Non affecté;non;non;NA;R31LHYG;R31LHYG
R31OBAS;NA;Non affecté;non;non;NA;R31OBAS;R31OBAS
R31PEOT;NA;Non affecté;non;non;NA;R31PEOT;R31PEOT
R32CHIM;NA;Non affecté;non;non;NA;R32CHIM;R32CHIM
R32CHIME01;NA;Non affecté;non;non;NA;R32CHIME01;R32CHIME01
R32CHIME02;NA;Non affecté;non;non;NA;R32CHIME02;R32CHIME02
R32CHIME03;NA;Non affecté;non;non;NA;R32CHIME03;R32CHIME03
R32CHIME04;NA;Non affecté;non;non;NA;R32CHIME04;R32CHIME04
R32CHIME05;NA;Non affecté;non;non;NA;R32CHIME05;R32CHIME05
R32CHIME06;NA;Non affecté;non;non;NA;R32CHIME06;R32CHIME06
R32CHIME07;NA;Non affecté;non;non;NA;R32CHIME07;R32CHIME07
R32CHIME08;NA;Non affecté;non;non;NA;R32CHIME08;R32CHIME08
R32CHIME10;NA;Non affecté;non;non;NA;R32CHIME10;R32CHIME10
R32CHIME11;NA;Non affecté;non;non;NA;R32CHIME11;R32CHIME11
R32CHIME12;NA;Non affecté;non;non;NA;R32CHIME12;R32CHIME12
R32CHIME13;NA;Non affecté;non;non;NA;R32CHIME13;R32CHIME13
R32CHIME14;NA;Non affecté;non;non;NA;R32CHIME14;R32CHIME14
R32CHIME15;NA;Non affecté;non;non;NA;R32CHIME15;R32CHIME15
R32CHIME16;NA;Non affecté;non;non;NA;R32CHIME16;R32CHIME16
R32CHIME18;NA;Non affecté;non;non;NA;R32CHIME18;R32CHIME18
R32CHIME19;NA;Non affecté;non;non;NA;R32CHIME19;R32CHIME19
R32CHIME20;NA;Non affecté;non;non;NA;R32CHIME20;R32CHIME20
R32CHIME21;NA;Non affecté;non;non;NA;R32CHIME21;R32CHIME21
R32CHIME22;NA;Non affecté;non;non;NA;R32CHIME22;R32CHIME22
R32CHSC;NA;Non affecté;non;non;NA;R32CHSC;R32CHSC
R32CHSCE01;NA;Non affecté;non;non;NA;R32CHSCE01;R32CHSCE01
R32CHSCE02;NA;Non affecté;non;non;NA;R32CHSCE02;R32CHSCE02
R32CHSCE03;NA;Non affecté;non;non;NA;R32CHSCE03;R32CHSCE03
R32CHSCE04;NA;Non affecté;non;non;NA;R32CHSCE04;R32CHSCE04
R32CHSCE05;NA;Non affecté;non;non;NA;R32CHSCE05;R32CHSCE05
R32CHSCE06;NA;Non affecté;non;non;NA;R32CHSCE06;R32CHSCE06
R32CMCX;NA;Non affecté;non;non;NA;R32CMCX;R32CMCX
R32CMCXE01;NA;Non affecté;non;non;NA;R32CMCXE01;R32CMCXE01
R32CMCXE02;NA;Non affecté;non;non;NA;R32CMCXE02;R32CMCXE02
R32CMCXE03;NA;Non affecté;non;non;NA;R32CMCXE03;R32CMCXE03
R32CMCXE04;NA;Non affecté;non;non;NA;R32CMCXE04;R32CMCXE04
R32CMCXE05;NA;Non affecté;non;non;NA;R32CMCXE05;R32CMCXE05
R32ED182;NA;Non affecté;non;non;NA;R32ED182;R32ED182
R32ED222;NA;Non affecté;non;non;NA;R32ED222;R32ED222
R32FCPM;NA;Non affecté;non;non;NA;R32FCPM;R32FCPM
R32ICPE;NA;Non affecté;non;non;NA;R32ICPE;R32ICPE
R32ICPEE01;NA;Non affecté;non;non;NA;R32ICPEE01;R32ICPEE01
R32ICPEE02;NA;Non affecté;non;non;NA;R32ICPEE02;R32ICPEE02
R32ICPEE03;NA;Non affecté;non;non;NA;R32ICPEE03;R32ICPEE03
R32ICPEE04;NA;Non affecté;non;non;NA;R32ICPEE04;R32ICPEE04
R32ICPEE05;NA;Non affecté;non;non;NA;R32ICPEE05;R32ICPEE05
R32ICPEE06;NA;Non affecté;non;non;NA;R32ICPEE06;R32ICPEE06
R32ICPEE07;NA;Non affecté;non;non;NA;R32ICPEE07;R32ICPEE07
R32ICPEE08;NA;Non affecté;non;non;NA;R32ICPEE08;R32ICPEE08
R32ICPEE09;NA;Non affecté;non;non;NA;R32ICPEE09;R32ICPEE09
R32ICPEE10;NA;Non affecté;non;non;NA;R32ICPEE10;R32ICPEE10
R32ICPEE11;NA;Non affecté;non;non;NA;R32ICPEE11;R32ICPEE11
R32INCS;NA;Non affecté;non;non;NA;R32INCS;R32INCS
R32IPCM;NA;Non affecté;non;non;NA;R32IPCM;R32IPCM
R32IPHC;NA;Non affecté;non;non;NA;R32IPHC;R32IPHC
R32ISIS;NA;Non affecté;non;non;NA;R32ISIS;R32ISIS
R32ISISE01;NA;Non affecté;non;non;NA;R32ISISE01;R32ISISE01
R32ISISE02;NA;Non affecté;non;non;NA;R32ISISE02;R32ISISE02
R32ISISE03;NA;Non affecté;non;non;NA;R32ISISE03;R32ISISE03
R32ISISE04;NA;Non affecté;non;non;NA;R32ISISE04;R32ISISE04
R32ISISE05;NA;Non affecté;non;non;NA;R32ISISE05;R32ISISE05
R32ISISE06;NA;Non affecté;non;non;NA;R32ISISE06;R32ISISE06
R32ISISE07;NA;Non affecté;non;non;NA;R32ISISE07;R32ISISE07
R32ISISE08;NA;Non affecté;non;non;NA;R32ISISE08;R32ISISE08
R32ISISE09;NA;Non affecté;non;non;NA;R32ISISE09;R32ISISE09
R32ISISE10;NA;Non affecté;non;non;NA;R32ISISE10;R32ISISE10
R32ISISE11;NA;Non affecté;non;non;NA;R32ISISE11;R32ISISE11
R32LDCM;NA;Non affecté;non;non;NA;R32LDCM;R32LDCM
R32LDCME01;NA;Non affecté;non;non;NA;R32LDCME01;R32LDCME01
R32LDCME02;NA;Non affecté;non;non;NA;R32LDCME02;R32LDCME02
R32LDCME03;NA;Non affecté;non;non;NA;R32LDCME03;R32LDCME03
R32LDCME04;NA;Non affecté;non;non;NA;R32LDCME04;R32LDCME04
R32LDCME05;NA;Non affecté;non;non;NA;R32LDCME05;R32LDCME05
R32LDCME06;NA;Non affecté;non;non;NA;R32LDCME06;R32LDCME06
R32LDCME07;NA;Non affecté;non;non;NA;R32LDCME07;R32LDCME07
R32PRMN;NA;Non affecté;non;non;NA;R32PRMN;R32PRMN
R3JCSMTU;NA;Non affecté;non;non;NA;R3JCSMTU;R3JCSMTU
R40ED414;NA;Non affecté;non;non;NA;R40ED414;R40ED414
R41AARN;NA;Non affecté;non;non;NA;R41AARN;R41AARN
R41BSIC;NA;Non affecté;non;non;NA;R41BSIC;R41BSIC
R41GMGM;NA;Non affecté;non;non;NA;R41GMGM;R41GMGM
R41GMGME01;NA;Non affecté;non;non;NA;R41GMGME01;R41GMGME01
R41GMGME04;NA;Non affecté;non;non;NA;R41GMGME04;R41GMGME04
R41IBMP;NA;Non affecté;non;non;NA;R41IBMP;R41IBMP
R41MCPN;NA;Non affecté;non;non;NA;R41MCPN;R41MCPN
R41PVIE;NA;Non affecté;non;non;NA;R41PVIE;R41PVIE
R41RIDI;NA;Non affecté;non;non;NA;R41RIDI;R41RIDI
R41SVQV;NA;Non affecté;non;non;NA;R41SVQV;R41SVQV
R42ANMD;NA;Non affecté;non;non;NA;R42ANMD;R42ANMD
R42ANPH;NA;Non affecté;non;non;NA;R42ANPH;R42ANPH
R42BCYT;NA;Non affecté;non;non;NA;R42BCYT;R42BCYT
R42BMAT;NA;Non affecté;non;non;NA;R42BMAT;R42BMAT
R42BMNS;NA;Non affecté;non;non;NA;R42BMNS;R42BMNS
R42BPPS;NA;Non affecté;non;non;NA;R42BPPS;R42BPPS
R42CAMB;NA;Non affecté;non;non;NA;R42CAMB;R42CAMB
R42CI2N;NA;Non affecté;non;non;NA;R42CI2N;R42CI2N
R42DIAT;NA;Non affecté;non;non;NA;R42DIAT;R42DIAT
R42DIHP;NA;Non affecté;non;non;NA;R42DIHP;R42DIHP
R42FMED;NA;Non affecté;non;non;NA;R42FMED;R42FMED
R42FMTR;NA;Non affecté;non;non;NA;R42FMTR;R42FMTR
R42ICTH;NA;Non affecté;non;non;NA;R42ICTH;R42ICTH
R42IGBM;NA;Non affecté;non;non;NA;R42IGBM;R42IGBM
R42IMVH;NA;Non affecté;non;non;NA;R42IMVH;R42IMVH
R42INCI;NA;Non affecté;non;non;NA;R42INCI;R42INCI
R42IRHM;NA;Non affecté;non;non;NA;R42IRHM;R42IRHM
R42LBPH;NA;Non affecté;non;non;NA;R42LBPH;R42LBPH
R42LGMO;NA;Non affecté;non;non;NA;R42LGMO;R42LGMO
R42LITH;NA;Non affecté;non;non;NA;R42LITH;R42LITH
R42LNPC;NA;Non affecté;non;non;NA;R42LNPC;R42LNPC
R42MSOP;NA;Non affecté;non;non;NA;R42MSOP;R42MSOP
R42NCPS;NA;Non affecté;non;non;NA;R42NCPS;R42NCPS
R42PCBI;NA;Non affecté;non;non;NA;R42PCBI;R42PCBI
R42PIQP;NA;Non affecté;non;non;NA;R42PIQP;R42PIQP
R42PMED;NA;Non affecté;non;non;NA;R42PMED;R42PMED
R42PPHA;NA;Non affecté;non;non;NA;R42PPHA;R42PPHA
R42PRCH01;NA;Non affecté;non;non;NA;R42PRCH01;R42PRCH01
R42PRCH02;NA;Non affecté;non;non;NA;R42PRCH02;R42PRCH02
R42PRCH03;NA;Non affecté;non;non;NA;R42PRCH03;R42PRCH03
R42PTMA;NA;Non affecté;non;non;NA;R42PTMA;R42PTMA
R42PTMAE01;NA;Non affecté;non;non;NA;R42PTMAE01;R42PTMAE01
R42PTMAE02;NA;Non affecté;non;non;NA;R42PTMAE02;R42PTMAE02
R42PTMAE03;NA;Non affecté;non;non;NA;R42PTMAE03;R42PTMAE03
R42PTMAE04;NA;Non affecté;non;non;NA;R42PTMAE04;R42PTMAE04
R42PTMAE05;NA;Non affecté;non;non;NA;R42PTMAE05;R42PTMAE05
R42SVTT;NA;Non affecté;non;non;NA;R42SVTT;R42SVTT
R42TOXI;NA;Non affecté;non;non;NA;R42TOXI;R42TOXI
R42VIBP;NA;Non affecté;non;non;NA;R42VIBP;R42VIBP
R42VIBPE01;NA;Non affecté;non;non;NA;R42VIBPE01;R42VIBPE01
R42VIBPE02;NA;Non affecté;non;non;NA;R42VIBPE02;R42VIBPE02
R42VSDS;NA;Non affecté;non;non;NA;R42VSDS;R42VSDS
R44SPSS;NA;Non affecté;non;non;NA;R44SPSS;R44SPSS
R4JCSVIV;NA;Non affecté;non;non;NA;R4JCSVIV;R4JCSVIV
R50CALS;NA;Non affecté;non;non;NA;R50CALS;R50CALS
R50CED;NA;Non affecté;non;non;NA;R50CED;R50CED
R50COMRCH;NA;Non affecté;non;non;NA;R50COMRCH;R50COMRCH
R50CRYO;NA;Non affecté;non;non;NA;R50CRYO;R50CRYO
R50FAS;NA;Non affecté;non;non;NA;R50FAS;R50FAS
R50PRCH;NA;Non affecté;non;non;NA;R50PRCH;R50PRCH
R50PROJ;NA;Non affecté;non;non;NA;R50PROJ;R50PROJ
RCH;NA;Non affecté;non;non;NA;RCH;RCH
RIDEXATTR ;NA;Non affecté;non;non;NA;RIDEXATTR ;RIDEXATTR 
RIDEXIEAS ;NA;Non affecté;non;non;NA;RIDEXIEAS ;RIDEXIEAS 
RIDEXIPDP ;NA;Non affecté;non;non;NA;RIDEXIPDP ;RIDEXIPDP 
SAS;NA;Non affecté;non;non;NA;SAS;SAS
SAS1;NA;Non affecté;non;non;NA;SAS1;SAS1
SAS2;NA;Non affecté;non;non;NA;SAS2;SAS2
SAS7;NA;Non affecté;non;non;NA;SAS7;SAS7
SCD;NA;Non affecté;non;non;NA;SCD;SCD
SCD1;NA;Non affecté;non;non;NA;SCD1;SCD1
SCD2;NA;Non affecté;non;non;NA;SCD2;SCD2
SCD2E;NA;Non affecté;non;non;NA;SCD2E;SCD2E
SCD2SITE;NA;Non affecté;non;non;NA;SCD2SITE;SCD2SITE
SCD8BIBB;NA;Non affecté;non;non;NA;SCD8BIBB;SCD8BIBB
SCD8BIBC;NA;Non affecté;non;non;NA;SCD8BIBC;SCD8BIBC
SCD8BIBD;NA;Non affecté;non;non;NA;SCD8BIBD;SCD8BIBD
SCD8DOCE;NA;Non affecté;non;non;NA;SCD8DOCE;SCD8DOCE
SCD8PEB;NA;Non affecté;non;non;NA;SCD8PEB;SCD8PEB
SCD8PERI;NA;Non affecté;non;non;NA;SCD8PERI;SCD8PERI
SCX;NA;Non affecté;non;non;NA;SCX;SCX
SEG;NA;Non affecté;non;non;NA;SEG;SEG
SEG1;NA;Non affecté;non;non;NA;SEG1;SEG1
SEG2;NA;Non affecté;non;non;NA;SEG2;SEG2
SEG3;NA;Non affecté;non;non;NA;SEG3;SEG3
SEG3MR1;NA;Non affecté;non;non;NA;SEG3MR1;SEG3MR1
SEG3MR2;NA;Non affecté;non;non;NA;SEG3MR2;SEG3MR2
SEG3MR3;NA;Non affecté;non;non;NA;SEG3MR3;SEG3MR3
SEG3MR4;NA;Non affecté;non;non;NA;SEG3MR4;SEG3MR4
SEG3MR5;NA;Non affecté;non;non;NA;SEG3MR5;SEG3MR5
SEG3MR7;NA;Non affecté;non;non;NA;SEG3MR7;SEG3MR7
SFC;NA;Non affecté;non;non;NA;SFC;SFC
SFC1;NA;Non affecté;non;non;NA;SFC1;SFC1
SFC2;NA;Non affecté;non;non;NA;SFC2;SFC2
SFC4DUD1;NA;Non affecté;non;non;NA;SFC4DUD1;SFC4DUD1
SFC4DUD2;NA;Non affecté;non;non;NA;SFC4DUD2;SFC4DUD2
SFC4DUD3;NA;Non affecté;non;non;NA;SFC4DUD3;SFC4DUD3
SFC4DUD4;NA;Non affecté;non;non;NA;SFC4DUD4;SFC4DUD4
SFC4DUD5;NA;Non affecté;non;non;NA;SFC4DUD5;SFC4DUD5
SFC4DUD6;NA;Non affecté;non;non;NA;SFC4DUD6;SFC4DUD6
SFC4DUL1;NA;Non affecté;non;non;NA;SFC4DUL1;SFC4DUL1
SFC4DUL2;NA;Non affecté;non;non;NA;SFC4DUL2;SFC4DUL2
SFC4DUL3;NA;Non affecté;non;non;NA;SFC4DUL3;SFC4DUL3
SFC4DUL4;NA;Non affecté;non;non;NA;SFC4DUL4;SFC4DUL4
SFC4DUL5;NA;Non affecté;non;non;NA;SFC4DUL5;SFC4DUL5
SFC4DUL6;NA;Non affecté;non;non;NA;SFC4DUL6;SFC4DUL6
SFC4DUM1;NA;Non affecté;non;non;NA;SFC4DUM1;SFC4DUM1
SFC4DUM2;NA;Non affecté;non;non;NA;SFC4DUM2;SFC4DUM2
SFC4DUM3;NA;Non affecté;non;non;NA;SFC4DUM3;SFC4DUM3
SFC4DUM4;NA;Non affecté;non;non;NA;SFC4DUM4;SFC4DUM4
SFC4DUM5;NA;Non affecté;non;non;NA;SFC4DUM5;SFC4DUM5
SFC4DUM6;NA;Non affecté;non;non;NA;SFC4DUM6;SFC4DUM6
SFC4FD;NA;Non affecté;non;non;NA;SFC4FD;SFC4FD
SFC5FND;NA;Non affecté;non;non;NA;SFC5FND;SFC5FND
SFC5NDD1;NA;Non affecté;non;non;NA;SFC5NDD1;SFC5NDD1
SFC5NDD2;NA;Non affecté;non;non;NA;SFC5NDD2;SFC5NDD2
SFC5NDD3;NA;Non affecté;non;non;NA;SFC5NDD3;SFC5NDD3
SFC5NDD4;NA;Non affecté;non;non;NA;SFC5NDD4;SFC5NDD4
SFC5NDD5;NA;Non affecté;non;non;NA;SFC5NDD5;SFC5NDD5
SFC5NDD6;NA;Non affecté;non;non;NA;SFC5NDD6;SFC5NDD6
SFC5NDL1;NA;Non affecté;non;non;NA;SFC5NDL1;SFC5NDL1
SFC5NDL2;NA;Non affecté;non;non;NA;SFC5NDL2;SFC5NDL2
SFC5NDL3;NA;Non affecté;non;non;NA;SFC5NDL3;SFC5NDL3
SFC5NDL4;NA;Non affecté;non;non;NA;SFC5NDL4;SFC5NDL4
SFC5NDL5;NA;Non affecté;non;non;NA;SFC5NDL5;SFC5NDL5
SFC5NDL6;NA;Non affecté;non;non;NA;SFC5NDL6;SFC5NDL6
SFC5NDM1;NA;Non affecté;non;non;NA;SFC5NDM1;SFC5NDM1
SFC5NDM2;NA;Non affecté;non;non;NA;SFC5NDM2;SFC5NDM2
SFC5NDM3;NA;Non affecté;non;non;NA;SFC5NDM3;SFC5NDM3
SFC5NDM4;NA;Non affecté;non;non;NA;SFC5NDM4;SFC5NDM4
SFC5NDM5;NA;Non affecté;non;non;NA;SFC5NDM5;SFC5NDM5
SFC5NDM6;NA;Non affecté;non;non;NA;SFC5NDM6;SFC5NDM6
SFC7CPTE;NA;Non affecté;non;non;NA;SFC7CPTE;SFC7CPTE
SFCCON;NA;Non affecté;non;non;NA;SFCCON;SFCCON
SFCPOL;NA;Non affecté;non;non;NA;SFCPOL;SFCPOL
SOC;NA;Non affecté;non;non;NA;SOC;SOC
SOC2;NA;Non affecté;non;non;NA;SOC2;SOC2
SOC3;NA;Non affecté;non;non;NA;SOC3;SOC3
SOC3CER;NA;Non affecté;non;non;NA;SOC3CER;SOC3CER
SOC3DP1;NA;Non affecté;non;non;NA;SOC3DP1;SOC3DP1
SOC3DP2;NA;Non affecté;non;non;NA;SOC3DP2;SOC3DP2
SOC3DP3;NA;Non affecté;non;non;NA;SOC3DP3;SOC3DP3
SOC3DP4;NA;Non affecté;non;non;NA;SOC3DP4;SOC3DP4
SOC3DP5;NA;Non affecté;non;non;NA;SOC3DP5;SOC3DP5
SRA;NA;Non affecté;non;non;NA;SRA;SRA
SRAFCT;NA;Non affecté;non;non;NA;SRAFCT;SRAFCT
SVU;NA;Non affecté;non;non;NA;SVU;SVU
SVUACT;NA;Non affecté;non;non;NA;SVUACT;SVUACT
SVUAGO;NA;Non affecté;non;non;NA;SVUAGO;SVUAGO
SVUCAR;NA;Non affecté;non;non;NA;SVUCAR;SVUCAR
SVUHAN;NA;Non affecté;non;non;NA;SVUHAN;SVUHAN
SVUSUM;NA;Non affecté;non;non;NA;SVUSUM;SVUSUM
THC;NA;Non affecté;non;non;NA;THC;THC
THC2;NA;Non affecté;non;non;NA;THC2;THC2
THC3;NA;Non affecté;non;non;NA;THC3;THC3
THC4;NA;Non affecté;non;non;NA;THC4;THC4
THC5;NA;Non affecté;non;non;NA;THC5;THC5
THC8;NA;Non affecté;non;non;NA;THC8;THC8
THP;NA;Non affecté;non;non;NA;THP;THP
THP2;NA;Non affecté;non;non;NA;THP2;THP2
THP3;NA;Non affecté;non;non;NA;THP3;THP3
THP4;NA;Non affecté;non;non;NA;THP4;THP4
THP5;NA;Non affecté;non;non;NA;THP5;THP5
THP8;NA;Non affecté;non;non;NA;THP8;THP8
TRA;NA;Non affecté;non;non;NA;TRA;TRA
TRAAMOR;NA;Non affecté;non;non;NA;TRAAMOR;TRAAMOR
TRACMS;NA;Non affecté;non;non;NA;TRACMS;TRACMS
TRADOU;NA;Non affecté;non;non;NA;TRADOU;TRADOU
TRAIA;NA;Non affecté;non;non;NA;TRAIA;TRAIA
TRAIDEX;NA;Non affecté;non;non;NA;TRAIDEX;TRAIDEX
TRAJDS;NA;Non affecté;non;non;NA;TRAJDS;TRAJDS
TRALABU;NA;Non affecté;non;non;NA;TRALABU;TRALABU
TRANET;NA;Non affecté;non;non;NA;TRANET;TRANET
TRAPROV;NA;Non affecté;non;non;NA;TRAPROV;TRAPROV
TRASDN;NA;Non affecté;non;non;NA;TRASDN;TRASDN
TRATEL;NA;Non affecté;non;non;NA;TRATEL;TRATEL
UOH2;NA;Non affecté;non;non;NA;UOH2;UOH2
UOH5;NA;Non affecté;non;non;NA;UOH5;UOH5
UOHAMOR;NA;Non affecté;non;non;NA;UOHAMOR;UOHAMOR
VIE;NA;Non affecté;non;non;NA;VIE;VIE
VIE1;NA;Non affecté;non;non;NA;VIE1;VIE1
VIE1B;NA;Non affecté;non;non;NA;VIE1B;VIE1B
VIE2;NA;Non affecté;non;non;NA;VIE2;VIE2
VIE3;NA;Non affecté;non;non;NA;VIE3;VIE3
VIE3DP1;NA;Non affecté;non;non;NA;VIE3DP1;VIE3DP1
VIE3DP2;NA;Non affecté;non;non;NA;VIE3DP2;VIE3DP2
VIE3DP3;NA;Non affecté;non;non;NA;VIE3DP3;VIE3DP3
VIE3DP4;NA;Non affecté;non;non;NA;VIE3DP4;VIE3DP4
VIE3DP5;NA;Non affecté;non;non;NA;VIE3DP5;VIE3DP5
VIE3DP6;NA;Non affecté;non;non;NA;VIE3DP6;VIE3DP6
VIE3DP7;NA;Non affecté;non;non;NA;VIE3DP7;VIE3DP7
VIE3DP8;NA;Non affecté;non;non;NA;VIE3DP8;VIE3DP8
VIE3PLF;NA;Non affecté;non;non;NA;VIE3PLF;VIE3PLF
VIE5;NA;Non affecté;non;non;NA;VIE5;VIE5
VIE5PAG;NA;Non affecté;non;non;NA;VIE5PAG;VIE5PAG
VIE5PCA;NA;Non affecté;non;non;NA;VIE5PCA;VIE5PCA
VIE61;NA;Non affecté;non;non;NA;VIE61;VIE61
VIE62;NA;Non affecté;non;non;NA;VIE62;VIE62
X1PAIESAT;NA;Non affecté;non;non;NA;X1PAIESAT;X1PAIESAT
X21IRMAPN;NA;Non affecté;non;non;NA;X21IRMAPN;X21IRMAPN
X22ICUB1L;NA;Non affecté;non;non;NA;X22ICUB1L;X22ICUB1L
X22ICUB1N;NA;Non affecté;non;non;NA;X22ICUB1N;X22ICUB1N
X22ICUB2L;NA;Non affecté;non;non;NA;X22ICUB2L;X22ICUB2L
X22ICUB2N;NA;Non affecté;non;non;NA;X22ICUB2N;X22ICUB2N
X22ICUB3L;NA;Non affecté;non;non;NA;X22ICUB3L;X22ICUB3L
X22ICUB3N;NA;Non affecté;non;non;NA;X22ICUB3N;X22ICUB3N
X22ICUB4L;NA;Non affecté;non;non;NA;X22ICUB4L;X22ICUB4L
X22ICUB4N;NA;Non affecté;non;non;NA;X22ICUB4N;X22ICUB4N
X22ICUBPN;NA;Non affecté;non;non;NA;X22ICUBPN;X22ICUBPN
X2PAIESAT;NA;Non affecté;non;non;NA;X2PAIESAT;X2PAIESAT
X31EOSTPN;NA;Non affecté;non;non;NA;X31EOSTPN;X31EOSTPN
X31OBASPN;NA;Non affecté;non;non;NA;X31OBASPN;X31OBASPN
X32IPHCPN;NA;Non affecté;non;non;NA;X32IPHCPN;X32IPHCPN
X3PAIESAT;NA;Non affecté;non;non;NA;X3PAIESAT;X3PAIESAT
X4PAIESAT;NA;Non affecté;non;non;NA;X4PAIESAT;X4PAIESAT
X7AOTL;NA;Non affecté;non;non;NA;X7AOTL;X7AOTL
X7AOTN;NA;Non affecté;non;non;NA;X7AOTN;X7AOTN
X7PLANL;NA;Non affecté;non;non;NA;X7PLANL;X7PLANL
X7PUBLIN;NA;Non affecté;non;non;NA;X7PUBLIN;X7PUBLIN
XCDPFL;NA;Non affecté;non;non;NA;XCDPFL;XCDPFL
XCDPFN;NA;Non affecté;non;non;NA;XCDPFN;XCDPFN
XF1;NA;Non affecté;non;non;NA;XF1;XF1
XF2;NA;Non affecté;non;non;NA;XF2;XF2
XF3;NA;Non affecté;non;non;NA;XF3;XF3
XFAAS;NA;Non affecté;non;non;NA;XFAAS;XFAAS
XFAMORN;NA;Non affecté;non;non;NA;XFAMORN;XFAMORN
XFIMPOL;NA;Non affecté;non;non;NA;XFIMPOL;XFIMPOL
XPRO;NA;Non affecté;non;non;NA;XPRO;XPRO
XSAICN;NA;Non affecté;non;non;NA;XSAICN;XSAICN
XRELSATN;NA;Non affecté;non;non;NA;XRELSATN;XRELSATN
XRETOURN;NA;Non affecté;non;non;NA;XRETOURN;XRETOURN