Groupe1;Groupe2;Perimetre;CFParent;CF;Label
Services Centraux;TRA;1010;SCX;ANT;ANTICIPATION
Composantes;APS;1010;CPE;APS;UFR STAPS
Composantes;APS;1010;APS;APS2;APS-PIL ET LOG COMP
Composantes;APS;1010;APS;APS3;APS-FORM DN
Composantes;APS;1010;APS3;APS3DS;APS-DEUST
Composantes;APS;1010;APS3;APS3LC;APS-LICENCE STAPS
Composantes;APS;1010;APS3;APS3LP;APS-LIC PRO STAPS
Composantes;APS;1010;APS3;APS3MR;APS-MASTER STAPS
Composantes;ART;1010;CPE;ART;UFR DES ARTS
Composantes;ART;1010;ART;ART2;ART-PIL ET LOG COMP
Composantes;ART;1010;ART;ART3;ART-FORM DN
Composantes;ART;1010;ART3;ART3DP1;ART-DPT ARTS VISUELS
Composantes;ART;1010;ART3;ART3DP2;ART-DPT ARTS DU SPEC
Composantes;ART;1010;ART3;ART3DP3;ART-DPT MUSIQUE
Composantes;ART;1010;ART;ART4;ART-DU CFMI
Recherche;BETA;1010;RCH;BETA;UMR 7522
Composantes;CHM;1010;CPE;CHM;FAC DE CHIMIE
Composantes;CHM;1010;CHM;CHM1;CHM-LOG IMMO ET SECU
Composantes;CHM;1010;CHM;CHM2;CHM-PIL ET LOG COMP
Composantes;CHM;1010;CHM;CHM3;CHM-FORM DN
Composantes;CHM;1010;CHM3;CHM3DPC;CHM-DPT COMMUN
Composantes;CHM;1010;CHM3;CHM3LP1;CHM-LP LPCS
Composantes;CHM;1010;CHM3;CHM3MR3;CHM-MR CB2A
Composantes;CHM;1010;CHM;CHM71;CHM-MAGASIN
Composantes;CHM;1010;CHM;CHM72;CHM-LOC BOUT GAZ
Services Centraux;COM;1010;SCX;COM;COM
Composantes;Composantes;1010;1010;CPE;COMPOSANTES
Composantes;CPI;1010;CPE;CPI;CEIPI
Composantes;CPI;1010;CPI;CPI2;CPI-PIL ET LOG COMP
Composantes;CPI;1010;CPI;CPI3;CPI-FORM DN
Composantes;CPI;1010;CPI;CPI4;CPI-FORM DU
Composantes;CPI;1010;CPI;CPI5;CPI-FORM NON DIPLOM
Composantes;CPI;1010;CPI;CPI51;CPI-COLLOQUES
Composantes;CPI;1010;CPI;CPI52;CPI-COLLOQUE EIPIN
Composantes;CPI;1010;CPI;CPI8;CPI-BIBLIOTHEQUE
Composantes;CUJ;1010;CPE;CUJ;CUEJ
Composantes;CUJ;1010;CUJ;CUJ2;CUJ-PIL ET LOG COMP
Composantes;CUJ;1010;CUJ;CUJ3;CUJ-FORM DN
Services Centraux;DAL;1010;SCX;DAL;DALI
Services Centraux;DAL;1010;DAL;DALDPL3;DAL-DPL CNU
Services Centraux;DAL;1010;DAL;DALIMP;DAL-IMPRIMERIE PATIO
Services Centraux;DAL;1010;DAL;DALR1;DAL-RAB 1
Services Centraux;DAL;1010;DAL;DALR2;DAL-RAB 2
Services Centraux;DAL;1010;DAL;DALR3;DAL-RAB 3
Services Centraux;DAL;1010;DAL;DALSEC;DAL-SECU INCENDIE
Services Centraux;DES;1010;SCX;DES;DES
Services Centraux;DES;1010;DES;DESAOF;DES-AO FORMATION
Services Centraux;DES;1010;DES;DESORE;DES-ORESIPE
Services Centraux;DES;1010;DES;DESORG;DES-ORGANISATION
Services Centraux;DES;1010;DES;DESPEAP;DES-PEAP
Services Centraux;DES;1010;DES;DESVAE;DES-VAE
Services Centraux;DIN;1010;SCX;DIN;DI
Services Centraux;DIN;1010;DIN;DINFCT;DIN-FONCT DI
Services Centraux;DIN;1010;DIN;DINJOU;DIN-JOUVENCE INFO
Services Centraux;DIN;1010;DIN;DINLOG;DIN-LOGICIELS
Services Centraux;DIN;1010;DIN;DINOSI;DIN-OSIRIS
Services Centraux;DIN;1010;DIN;DINRAR;DIN-RAREST
Services Centraux;DPI;1010;SCX;DPI;DPI
Services Centraux;DPI;1010;DPI;DPIARC;DPI-HEBERG ARCO CDE
Services Centraux;DPI;1010;DPI;DPIAS;DPI-ASS IMPOTS TAXES
Services Centraux;DPI;1010;DPI;DPICM;DPI-CONTRATS MAINT
Services Centraux;DPI;1010;DPI;DPICPR;DPI-CPER
Services Centraux;DPI;1010;DPI;DPIFCT;DPI-FONCT DPI
Services Centraux;DPI;1010;DPI;DPIFL;DPI-FLUIDES
Services Centraux;DPI;1010;DPI;DPILP;DPI-LOG PATRIMOINE
Services Centraux;DPI;1010;DPI;DPIPAN;DPI-DEPANNAGE
Services Centraux;DPC;1010;DPI;DPIPC;DPI-PLAN CAMPUS
Services Centraux;DPC;1010;DPI;DPIPCBOTA;DPI-PC ETUD BOTANI
Services Centraux;DPC;1010;DPI;DPIPCDESCA;DPI-PC ETUD DESCART
Services Centraux;DPC;1010;DPI;DPIPCDRT;DPI-PC ETUD DROIT
Services Centraux;DPC;1010;DPI;DPIPCINSC;DPI-PC INSECTARIUM
Services Centraux;DPC;1010;DPI;DPIPCIRMA;DPI-PC ETUD IRMA
Services Centraux;DPC;1010;DPI;DPIPCISIS;DPI-PC ETUD ISIS
Services Centraux;DPC;1010;DPI;DPIPCLEAR;DPI-PC ETUD LEARNING
Services Centraux;DPC;1010;DPI;DPIPCMAIS;DPI-PC ETUD MAIS PER
Services Centraux;DPC;1010;DPI;DPIPCPARC;DPI-PC CAMPUS VERT
Services Centraux;DPC;1010;DPI;DPIPCPLAN;DPI-PC ETUD PLANETA
Services Centraux;DPC;1010;DPI;DPIPCTOUR;DPI-PC TOUR
Services Centraux;DPC;1010;DPI;DPIPCZOO;DPI-PC ZOO
Services Centraux;DPI;1010;DPI;DPIPIM;DPI-AUTRES PROJ IMMO
Services Centraux;DPI;1010;DPI;DPIPRO;DPI-MAINTENANCE PROG
Services Centraux;DPI;1010;DPI;DPISIA;DPI-SECU INCEN ACC
Services Centraux;DPI;1010;DPI;DPISIT;DPI-RESP DE SITES
Services Centraux;DPI;1010;DPI;DPIVTR;DPI-VERIF TECH REGL
Services Centraux;DRH;1010;SCX;DRH;DRH
Services Centraux;DRH;1010;DRH;DRHBIL;DRH-BILLETERIE
Services Centraux;DRH;1010;DRH;DRHCCR;DRH-CONCOURS ITARF
Services Centraux;DRH;1010;DRH;DRHENS;DRH-RECRUT ENS
Services Centraux;DRH;1010;DRH;DRHFOR;DRH-FORM PERS
Services Centraux;DRH;1010;DRH;DRHJUR;DRH-JURYS AGREG
Services Centraux;DRH;1010;DRH;DRHMED;DRH-MED PREV PERS
Services Centraux;DRH;1010;DRH;DRHRES;DRH-REST SOC
Services Centraux;DRH;1010;DRH;DRHSOL;DRH-FONDS SOLIDARITE
Services Centraux;DRH;1010;DRH;DRHSPA;DRH-SPACS
Services Centraux;DRI;1010;SCX;DRI;DRI
Services Centraux;DRI;1010;DRI;DRIAO;DRI-APPEL D OFFRE
Services Centraux;DRI;1010;DRI;DRIATT;DRI-ATTRACTIVITE
Services Centraux;DRI;1010;DRI;DRICPE;DRI-CPE
Services Centraux;DRI;1010;DRI;DRIERA;DRI-ERASMUS
Services Centraux;DRI;1010;DRI;DRIEUC;DRI-EUCOR
Services Centraux;DRI;1010;DRI;DRIFCT;DRI-FCT DRI
Services Centraux;DRI;1010;DRI;DRIJAP;DRI-JAPON
Services Centraux;DRI;1010;DRI;DRIMOB;DRI-MOBILITE
Services Centraux;DRI;1010;DRI;DRIMUI;DRI-MUI
Services Centraux;DRI;1010;DRI;DRIPOL;DRI-POL INTER
Composantes;DRT;1010;CPE;DRT;FACULTE DE DROIT
Composantes;DRT;1010;DRT;DRT1;DRT-LOG IMMO ET SECU
Composantes;DRT;1010;DRT;DRT2;DRT-PIL ET LOG COMP
Composantes;DRT;1010;DRT2;DRT2IM;DRT-REPROGRAPHIE
Composantes;DRT;1010;DRT;DRT3;DRT-FORM DN
Composantes;DRT;1010;DRT;DRT4;DRT-FORM DU
Composantes;DRT;1010;DRT;DRT5;DRT-FORM NON DIPLOM
Composantes;DRT;1010;DRT5;DRT5IEJ;DRT-IEJ
Services Centraux;DUN;1010;SCX;DUN;DUN
Services Centraux;DUN;1010;DUN;DUNAUD;DUN-PROD AUDIO DIFF
Services Centraux;DUN;1010;DUN;DUNCCN;DUN-CENTRE CULT NUM
Services Centraux;DUN;1010;DUN;DUNEAD;DUN-EAD
Services Centraux;DUN;1010;DUN;DUNFCT;DUN-FONCT DUN
Services Centraux;DUN;1010;DUN;DUNING;DUN-ING PEDAG MEDIA
Services Centraux;DUN;1010;DUN;DUNMAV;DUN-MAINT AUDIO
Services Centraux;DUN;1010;DUN;DUNPROJ;DUN-PROJ NUM MESR
Services Centraux;DUN;1010;DUN;DUNWEB;DUN-WEB DIFF SCIENT
Services Communs;EAV;1010;SCC;EAV;ESPACE AVENIR
Services Communs;EAV;1010;EAV;EAVENT;EAV-ENTREPRISES
Services Communs;EAV;1010;EAV;EAVETU;EAV-ETUDIANTS
Services Communs;EAV;1010;EAV;EAVFCT;EAV-FONCT EAV
Services Communs;EAV;1010;EAV;EAVJPO;EAV-JPO
Services Communs;EAV;1010;EAV;EAVJU;EAV-JU
Services Communs;EAV;1010;EAV;EAVLY;EAV-INTERV LYCEES
Services Communs;EAV;1010;EAV;EAVNCT;EAV-NCT
Composantes;ECP;1010;CPE;ECP;ECPM
Composantes;ECP;1010;ECP;ECP1;ECP-LOG IMMO ET SECU
Composantes;ECP;1010;ECP;ECP2;ECP-PIL ET LOG COMP
Composantes;ECP;1010;ECP;ECP3;ECP-FORM DN
Composantes;ECP;1010;ECP3;ECP3CPI;ECP-FORM CPI
Composantes;ECP;1010;ECP3;ECP3DP1;ECP-DEPART GC-SP
Composantes;ECP;1010;ECP3;ECP3DP2;ECP-LANGUES
Composantes;ECP;1010;ECP3;ECP3DP3;ECP-CHIMIE ORGA
Composantes;ECP;1010;ECP3;ECP3DP4;ECP-CHIMIE ANA
Composantes;ECP;1010;ECP3;ECP3DP5;ECP-MATERIAUX
Composantes;ECP;1010;ECP3;ECP3DP6;ECP-POLYMERES
Composantes;ECP;1010;ECP3;ECP3DP7;ECP-PROJETS IND
Composantes;ECP;1010;ECP3;ECP3ING;ECP-INGENIEUR
Composantes;EDU;1010;CPE;EDU;FAC SCES EDUCATION
Composantes;EDU;1010;EDU;EDU1;EDU-LOG IMMO ET SECU
Composantes;EDU;1010;EDU;EDU2;EDU-PIL ET LOG COMP
Composantes;EDU;1010;EDU;EDU3;EDU-FORM DN
Composantes;EDU;1010;EDU3;EDU3LP1;EDU-LP ATC
Composantes;EDU;1010;EDU3;EDU3LP2;EDU-LP FORM ACC
Composantes;EDU;1010;EDU;EDU7TEMP;EDU-PROJET TEMPUS
Composantes;EMS;1010;CPE;EMS;ECOLE DE MANAGEMENT
Composantes;EMS;1010;EMS;EMS1;EMS-LOG IMMO ET SECU
Composantes;EMS;1010;EMS;EMS2;EMS-PIL ET LOG COMP
Composantes;EMS;1010;EMS2;EMS2CO;EMS-COMMUNICATION
Composantes;EMS;1010;EMS;EMS3;EMS-FORM DN
Composantes;EMS;1010;EMS;EMS4;EMS-DU EM
Composantes;EMS;1010;EMS4;EMS4PGE;EMS-PGE
Composantes;EMS;1010;EMS;EMS7;EMS-SOUTIEN ENS
Composantes;EMS;1010;EMS;EMS7A;EMS-SOUTIEN RECH
Composantes;EMS;1010;EMS;EMS8;EMS-BIBLIOTHEQUE
Composantes;EOT;1010;CPE;EOT;EOST
Composantes;EOT;1010;EOT;EOT1;EOT-LOG IMMO ET SECU
Composantes;EOT;1010;EOT;EOT2;EOT-PIL ET LOG COMP
Composantes;EOT;1010;EOT2;EOT2CO;EOT-COMMUNICATION
Composantes;EOT;1010;EOT2;EOT2ME;EOT-ATEL MEC
Composantes;EOT;1010;EOT2;EOT2PI;EOT-PILOTAGE
Composantes;EOT;1010;EOT2;EOT2RI;EOT-RELAT INTERN
Composantes;EOT;1010;EOT2;EOT2RS;EOT-INFO ET RESEAU
Composantes;EOT;1010;EOT2;EOT2VEH;EOT-VEHICULES
Composantes;EOT;1010;EOT;EOT3;EOT-FORM DN
Composantes;EOT;1010;EOT3;EOT3ING;EOT-DIPL ING
Composantes;EOT;1010;EOT3;EOT3LC;EOT-LICENCE STUE
Composantes;EOT;1010;EOT3;EOT3MR11;EOT-MR SC TERR
Composantes;EOT;1010;EOT3;EOT3MR12;EOT-MR ISIE
Composantes;EOT;1010;EOT;EOT5;EOT-FORM NON DIPLOM
Composantes;EOT;1010;EOT;EOT6;EOT-COLLECTIONS
Composantes;EOT;1010;EOT;EOT8;EOT-BIBLIOTHEQUES
Composantes;EPE;1010;CPE;EPE;ESPE
Composantes;EPE;1010;EPE;EPE1;EPE-LOG IMMO ET SECU
Composantes;EPE;1010;EPE;EPE2;EPE-PIL ET LOG COM
Composantes;EPE;1010;EPE;EPE3;EPE-COM FORM DN
Composantes;ESB;1010;CPE;ESB;ESBS
Composantes;ESB;1010;ESB;ESB1;ESB-LOG IMMO ET SECU
Composantes;ESB;1010;ESB;ESB2;ESB-PIL ET LOG COMP
Composantes;ESB;1010;ESB;ESB3;ESB-FORM DN
Composantes;ESB;1010;ESB;ESB5;ESB-FORM NON DIPL
Composantes;ESP;1010;CPE;ESP;TELECOM PHYS STRAS
Composantes;ESP;1010;ESP;ESP1;ESP-LOG IMMO ET SECU
Composantes;ESP;1010;ESP;ESP2;ESP-PIL ET LOG COMP
Composantes;ESP;1010;ESP;ESP3;ESP-FORM DN
Composantes;ESP;1010;ESP3;ESP3ING;ESP-FORM ING
Composantes;GEO;1010;CPE;GEO;FAC DE GEOGRAPHIE
Composantes;GEO;1010;GEO;GEO1;GEO-LOG IMMO ET SECU
Composantes;GEO;1010;GEO;GEO2;GEO-PIL ET LOG COMP
Composantes;GEO;1010;GEO2;GEO2VE;GEO-VEHICULES
Composantes;GEO;1010;GEO;GEO3;GEO-FORM DN
Composantes;HIS;1010;CPE;HIS;UFR SC HISTORIQUES
Composantes;HIS;1010;HIS;HIS2;HIS-PIL ET LOG COMP
Composantes;HIS;1010;HIS;HIS3;HIS-FORM DN
Composantes;HIS;1010;HIS;HIS4;HIS-FORM DU
Composantes;HIS;1010;HIS;HIS61;HIS-COLL EGYPT
Composantes;HIS;1010;HIS;HIS62;HIS-COLL ARCH CLA
Composantes;IEF;1010;CPE;IEF;IIEF
Composantes;IEF;1010;IEF;IEF2;IEF-PIL ET LOG COMP
Composantes;IEF;1010;IEF;IEF4;IEF-FORM DU
Composantes;IEF;1010;IEF;IEF5;IEF-FORM NON DIPLOM
Composantes;IEP;1010;CPE;IEP;INST ETUDES POL
Composantes;IEP;1010;IEP;IEP1;IEP-LOG IMMO ET SECU
Composantes;IEP;1010;IEP;IEP2;IEP-PIL ET LOG COMP
Composantes;IEP;1010;IEP2;IEP2IM;IEP-SERV REPRO
Composantes;IEP;1010;IEP;IEP3;IEP-FORM DN
Composantes;IEP;1010;IEP3;IEP3DET;IEP-DET
Composantes;IEP;1010;IEP3;IEP3DIEP;IEP-DIEP
Composantes;IEP;1010;IEP3;IEP3MR1;IEP-MR ADM
Composantes;IEP;1010;IEP3;IEP3MR2;IEP-MR SC POLI
Composantes;IEP;1010;IEP3;IEP3MR3;IEP-MR FINANCES
Composantes;IEP;1010;IEP3;IEP3MR4;IEP-MR EUROPE
Composantes;IEP;1010;IEP3;IEP3MR5;IEP-MR RI
Composantes;IEP;1010;IEP;IEP5;IEP-FORM NON DIPLOM
Composantes;IHA;1010;CPE;IHA;IUT HAGUENAU
Composantes;IHA;1010;IHA;IHA1;IHA-LOG IMMO ET SECU
Composantes;IHA;1010;IHA;IHA2;IHA-PIL ET LOG COMP
Composantes;IHA;1010;IHA2;IHA2PAI;IHA-MASSE SALARIALE
Composantes;IHA;1010;IHA;IHA3;IHA-FORM DN
Composantes;IHA;1010;IHA3;IHA3DP1;IHA-DPT GEII
Composantes;IHA;1010;IHA3;IHA3DP2;IHA-DPT MMI
Composantes;IHA;1010;IHA3;IHA3DP3;IHA-DPT QLIO
Composantes;ILL;1010;CPE;ILL;IUT ILLKIRCH
Composantes;ILL;1010;ILL;ILL1;ILL-LOG IMMO ET SECU
Composantes;ILL;1010;ILL;ILL2;ILL-PIL ET LOG COMP
Composantes;ILL;1010;ILL2;ILL2PAI;ILL-MASSE SALARIALE
Composantes;ILL;1010;ILL;ILL3;ILL-FORM DN
Composantes;ILL;1010;ILL3;ILL3DP1;ILL-DPT CHIMIE
Composantes;ILL;1010;ILL3;ILL3DP2;ILL-DPT GENIE CIVIL
Composantes;ILL;1010;ILL3;ILL3DP3;ILL-DPT INFORMATIQUE
Composantes;ILL;1010;ILL3;ILL3DP4;ILL-DPT INFO COM
Composantes;ILL;1010;ILL3;ILL3DP5;ILL-DPT TECH DE CO
Composantes;ISC;1010;CPE;ISC;IUT DE SCHILTIGHEIM
Composantes;ISC;1010;ISC;ISC1;ISC-LOG IMMO ET SECU
Composantes;ISC;1010;ISC;ISC2;ISC-PIL ET LOG COMP
Composantes;ISC;1010;ISC2;ISC2PAI;ISC-MASSE SALARIALE
Composantes;ISC;1010;ISC;ISC3;ISC-FORM DN
Composantes;ISC;1010;ISC3;ISC3DP1;ISC-DPT GB
Composantes;ISC;1010;ISC3;ISC3DP2;ISC-DPT GIM
Composantes;ISC;1010;ISC3;ISC3DP3;ISC-DPT MP
Composantes;ISC;1010;ISC3;ISC3DP4;ISC-DPT GEA
Composantes;ISC;1010;ISC3;ISC3DTC;ISC-COM DUT
Composantes;ISC;1010;ISC3;ISC3LP1;ISC-LP CIMI
Composantes;ISC;1010;ISC3;ISC3LP2;ISC-LP QSAPBS
Composantes;ISC;1010;ISC3;ISC3LP3;ISC-LP M3E
Composantes;ISC;1010;ISC3;ISC3LP4;ISC-LP TAM
Composantes;ISC;1010;ISC3;ISC3LP6;ISC-LP GPS
Composantes;ISC;1010;ISC3;ISC3LPC;ISC-COM LICENCES PRO
Composantes;ISC;1010;ISC;ISC7;ISC-COLLEGIUM IUT
Composantes;ITR;1010;CPE;ITR;INSTITUT DU TRAVAIL
Composantes;ITR;1010;ITR;ITR1;ITR-LOG IMMO ET SECU
Composantes;ITR;1010;ITR;ITR2;ITR-PIL ET LOG COMP
Composantes;ITR;1010;ITR;ITR5;ITR-FORM NON DIPLOM
Composantes;LET;1010;CPE;LET;FACULTE DES LETTRES
Composantes;LET;1010;LET;LET2;LET-PIL ET LOG COMP
Composantes;LET;1010;LET;LET3;LET-FORM DN
Composantes;LET;1010;LET;LET8;LET-BIBLIOTHEQUE
Composantes;LGE;1010;CPE;LGE;FACULTE DES LANGUES
Composantes;LGE;1010;LGE;LGE2;LGE-PIL ET LOG COMP
Composantes;LGE;1010;LGE;LGE3;LGE-FORM DN
Composantes;LGE;1010;LGE3;LGE3LAN;LGE-LANSAD
Composantes;LGE;1010;LGE3;LGE3LC;LGE-FORM LICENCE
Composantes;LGE;1010;LGE3;LGE3MR;LGE-FORM MASTER
Composantes;LGE;1010;LGE;LGE4;LGE-FORM DU
Composantes;LGE;1010;LGE4;LGE4DU1;LGE-FORM INTER TRAD
Composantes;LGE;1010;LGE;LGE8;LGE-BIBLIOTHEQUES
Composantes;MAI;1010;CPE;MAI;UFR MATHS INFO
Composantes;MAI;1010;MAI;MAI1;MAI-LOG IMMO ET SECU
Composantes;MAI;1010;MAI;MAI2;MAI-PIL ET LOG COMP
Composantes;MAI;1010;MAI2;MAI2A;MAI-MAT PIL ET LOG
Composantes;MAI;1010;MAI2;MAI2B;MAI-INF PIL ET LOG
Composantes;MAI;1010;MAI2;MAI2IM;MAI-REPROGRAPHIE
Composantes;MAI;1010;MAI;MAI3;MAI-UFR FORM DN
Composantes;MAI;1010;MAI3;MAI3A;MAI-MATHS FORM DN
Composantes;MAI;1010;MAI3;MAI3B;MAI-INFO FORM DN
Composantes;MAI;1010;MAI;MAI4DUA2;MAI-DUAS
Composantes;MAI;1010;MAI;MAI5;MAI-FORM NON DIPLOM
Composantes;MAI;1010;MAI;MAI71;MAI-LOGEMENTS
Composantes;MAI;1010;MAI;MAI72;MAI-IREM
Composantes;MAI;1010;MAI;MAI8;MAI-BIBLIOTHEQUE
Composantes;MED;1010;CPE;MED;FACULTE DE MEDECINE
Composantes;MED;1010;MED;MED1;MED-LOG IMMO ET SECU
Composantes;MED;1010;MED;MED2;MED-PIL ET LOG COMP
Composantes;MED;1010;MED2;MED2IM;MED-IMPRIMERIE
Composantes;MED;1010;MED2;MED2SC;MED-SCAP
Composantes;MED;1010;MED;MED3;MED-FORM DN
Composantes;MED;1010;MED3;MED3HO;MED-HONORAIRES PEDAG
Composantes;MED;1010;MED;MED5;MED-FORM NON DIPLOM
Composantes;MED;1010;MED;MED5FCFI;MED FORM INIT ET CON
Composantes;MED;1010;MED;MED8;MED-BIBLIOTHEQUE
Composantes;ODO;1010;CPE;ODO;FAC DE CHIR DENTAIRE
Composantes;ODO;1010;ODO;ODO1;ODO-LOG IMMO ET SECU
Composantes;ODO;1010;ODO;ODO2;ODO-PIL ET LOG COMP
Composantes;ODO;1010;ODO;ODO3;ODO-FORM DN
Composantes;ODO;1010;ODO;ODO4;ODO-DU CHIR DENT
Composantes;ODO;1010;ODO4;ODO4DU1;ODO-DU BASES IMPL
Composantes;ODO;1010;ODO4;ODO4DU3;ODO-DU PARODONT CLIN
Composantes;ODO;1010;ODO4;ODO4DU4;ODO-DU FORM IMAGERIE
Composantes;ODO;1010;ODO4;ODO4DU6;ODO-DU ESTH SOURIRE
Composantes;ODO;1010;ODO4;ODO4DU7;ODO-DU HYG STERILI
Composantes;ODO;1010;ODO4;ODO4DU8;ODO-DU OCCLUS FONCT
Composantes;ODO;1010;ODO;ODO5ND2;ODO-FORUM DENT
Recherche;MISH;1010;MISH;P7R10MISH;PAIE RP MISHA 3227
Recherche;CDPF;1010;CDPF;P7R11CDPF; PAIE RP EA 1351
Recherche;CEIE;1010;CEIE;P7R11CEIE; PAIE RP CEIE 3994
Recherche;DRES;1010;DRES;P7R11DRES; PAIE RP DRES 7354
Recherche;EUMU;1010;EUMU;P7R11EUMU; PAIE RP FR 3241
Recherche;IRCM;1010;RCH;IRCM;IRCM 3399
Recherche;IRCM;1010;IRCM;P7R11IRCM;PAIE RP IRCM 3399
Recherche;LRCE;1010;RCH;LRCE;EA 4375
Recherche;LRCE;1010;LRCE;P7R11LRCE;PAIE RP EA 4375
Recherche;SAGE;1010;SAGE;P7R11SAGE; PAIE RP SAGE 7363
Recherche;DYNA;1010;DYNA;P7R12DYNA;PAIE RP DYNA 7367
Recherche;BETA;1010;BETA;P7R13BETA;PAIE RP BETA 7522
Recherche;HUMA;1010;HUMA;P7R13HUMA; PAIE RP HUM 1347
Recherche;LARG;1010;LARG;P7R13LARG; PAIE RP LARGE 2364
Recherche;AHME;1010;AHME;P7R14AHME; PAIE RP AHME 7044
Recherche;ARCH;1010;ARCH;P7R14ARCH;PAIE RP ARCH 3400
Recherche;LIVE;1010;LIVE;P7R14LIVE; PAIE RP LIVE 4382
Recherche;LISE;1010;LISE;P7R15LISE; PAIE RP EA 2310
Recherche;LNCA;1010;LNCA;P7R15LNCA; PAIE RP LINC 3289
Recherche;LPCO;1010;LPCO;P7R15LPCO; PAIE RP LPC 4440
Recherche;SULI;1010;SULI;P7R15SULI;PAIE RP URP 3071
Recherche;CARR;1010;CARR;P7R16CARR; PAIE RP CARRA 3094
Recherche;CHER;1010;CHER;P7R16CHER; PAIE RP CHER 4376
Recherche;CLIT;1010;CLIT;P7R16CLIT; PAIE RP CL 1337
Recherche;EGER;1010;EGER;P7R16EGER; PAIE RP EG 1341
Recherche;GEOS;1010;GEOS;P7R16GEOS; PAIE RP GEO 1340
Recherche;LILP;1010;LILP;P7R16LILP;PAIE RP LILPA 1339
Recherche;SEAR;1010;SEAR;P7R16SEAR; PAIE RP SEAR 2325
Recherche;PHAC;1010;PHAC;P7R17PHAC;PAIE RP PHAC 2326
Recherche;TCSR;1010;RCH;TCSR;TCSR 4377
Recherche;TCSR;1010;TCSR;P7R17TCSR;PAIE RP TCSR 4377
Recherche;TPRO;1010;TPRO;P7R17TPRO;PAIE RP TP 4378
Recherche;ACCR;1010;ACCR;P7R18ACCR;PAIE RP ACCRA 3402
Recherche;IRMA;1010;IRMA;P7R21IRMA; PAIE RP IRMA 7501
Recherche;ICUB;1010;ICUB;P7R22ICUB; PAIE RP ICUBE 7357
Recherche;EOST;1010;EOST;P7R31EOST; PAIE RP EOST 830
Recherche;IPGS;1010;IPGS;P7R31IPGS; PAIE RP IPGS 7516
Recherche;LHYG;1010;LHYG;P7R31LHYG; PAIE RP LHYG 7517
Recherche;OBAS;1010;OBAS;P7R31OBAS;PAIE RP OBS 7550
Recherche;CHIM;1010;CHIM;P7R32CHIM; PAIE RP CHM 7177
Recherche;CHSC;1010;CHSC;P7R32CHSC;PAIE RP PLF CHM
Recherche;CMCX;1010;CMCX;P7R32CMCX; PAIE RP LTMS 7140
Recherche;ICPE;1010;ICPE;P7R32ICPE; PAIE RP ICPEES 7515
Recherche;IPCM;1010;IPCM;P7R32IPCM;PAIE RP IPCMS 7504
Recherche;IPHC;1010;IPHC;P7R32IPHC; PAIE RP IPHC 7178
Recherche;ISIS;1010;ISIS;P7R32ISIS;PAIE RP ISIS 7006
Recherche;LDCM;1010;LDCM;P7R32LDCM; PAIE RP LCM 7509
Recherche;BSIC;1010;BSIC;P7R41BSIC;PAIE RP IREBS 7242
Recherche;GMGM;1010;GMGM;P7R41GMGM;PAIE RP GMGM 7156
Recherche;MCPN;1010;MCPN;P7R41MCPN;DEP PAIE RP MCP 1118
Recherche;SVQV;1010;SVQV;P7R41SVQV;DEP PAIE RP SVQ 1131
Recherche;BPPS;1010;BPPS;P7R42BPPS;DEP PAIE RP BPPS 949
Recherche;CAMB;1010;CAMB;P7R42CAMB; PAIE RP CAMB 7199
Recherche;DIAT;1010;DIAT;P7R42DIAT; PAIE RP DIAT 7294
Recherche;DIHP;1010;DIHP;P7R42DIHP;PAIE RP DIHP 7292
Recherche;IGBM;1010;IGBM;P7R42IGBM; PAIE RP IGBMC UM 41
Recherche;IMVH;1010;IMVH;P7R42IMVH; PAIE RP IMVH S_1110
Recherche;IRHM;1010;IRHM;P7R42IRHM;PAIE RP RHM 11109
Recherche;LBPH;1010;LBPH;P7R42LBPH; PAIE RP LBP 7213
Recherche;LITH;1010;LITH;P7R42LITH; PAIE RP LIT 7200
Recherche;LNPC;1010;LNPC;P7R42LNPC; PAIE RP LNPC  7296
Recherche;MSOP;1010;MSOP;P7R42MSOP;DEP PAIE RP MSO 7072
Recherche;PCBI;1010;PCBI;P7R42PCBI; PAIE RP PCBI
Recherche;PTMA;1010;PTMA;P7R42PTMA;PAIE RP PTMA 3430
Recherche;SVTT;1010;SVTT;P7R42SVTT;PAIE RP SVTT 7293
Recherche;TOXI;1010;TOXI;P7R42TOXI;DEP PAIE RP TOXICO
Recherche;VIBP;1010;VIBP;P7R42VIBP; PAIE RP VIBP 7290
Recherche;VSDS;1010;VSDS;P7R42VSDS; PAIE RP VSDS 1113
Recherche;SPSS;1010;SPSS;P7R44SPSS;PAIE RP SSS 1342
Recherche;DIRE;1010;DIRE;P7R50CRYO; PAIE RP CRYO
Composantes;PAG;1010;CPE;PAG;IPAG
Composantes;PAG;1010;PAG;PAG1;PAG-LOG IMMO ET SECU
Composantes;PAG;1010;PAG;PAG2;PAG-PIL ET LOG COMP
Composantes;PAG;1010;PAG;PAG3;PAG-FORM DN
Composantes;PAG;1010;PAG;PAG5;PAG-FORM NON DIPLOM
Paie Niv Central;PAIE;1010;1010;PAIE;PAIE 
Paie Niv Central;PAIE;1010;PAIE;PAIE1;DEP PAIE ETAT
Paie Niv Central;PAIE;1010;PAIE;PAIE2;DEP PAIE CENTR
Paie Niv Central;PAIE;1010;PAIE;PAIE3;DEP PAIE MC
Paie Niv Central;PAIE;1010;PAIE;PAIE5;DEP PAIE DOCT
Paie Niv Central;PAIE;1010;PAIE;PAIE6;DEP PAIE HC
Services Centraux;SVU;1010;SVU;PAIE7ACT;PAIE RP  SVU ACT
Composantes;APS;1010;APS;PAIE7APS;PAIE RP APS
Composantes;ART;1010;ART;PAIE7ART;PAIE RP  ARTS
Composantes;ART;1010;ART;PAIE7CFM;PAIE RP  CFMI
Composantes;CHM;1010;CHM;PAIE7CHM;PAIE RP  CHM
Composantes;CHM;1010;CHM;PAIE7CHMAG;PAIE RP MAG CHIMIE
Services Centraux;TRA;1010;TRA;PAIE7CMS;PAIE RP  CMS
Services Centraux;COM;1010;COM;PAIE7COM;PAIE RP  COM
Composantes;CPI;1010;CPI;PAIE7CPI;PAIE RP  CPI
Composantes;CUJ;1010;CUJ;PAIE7CUJ;PAIE RP  CUJ
Services Centraux;DAL;1010;DAL;PAIE7DAL;PAIE RP  DAL
Services Centraux;DES;1010;DES;PAIE7DES;PAIE RP  DES
Services Centraux;DIN;1010;DIN;PAIE7DIN;PAIE RP  DIN
Services Centraux;DPC;1010;DPC;PAIE7DPC;PAIE RP  DPC
Services Centraux;DPI;1010;DPI;PAIE7DPI;PAIE RP  DPI
Services Centraux;DRH;1010;DRH;PAIE7DRH;PAIE  RP DRH
Services Centraux;DRI;1010;DRI;PAIE7DRI;PAIE RP  DRI
Composantes;DRT;1010;DRT;PAIE7DRT;PAIE RP  DRT
Services Centraux;DUN;1010;DUN;PAIE7DUN;PAIE RP  DUN
Services Communs;EAV;1010;EAV;PAIE7EAV;PAIE RP EAV
Composantes;ECP;1010;ECP;PAIE7ECP;PAIE RP  P
Composantes;EDU;1010;EDU;PAIE7EDU;PAIE RP  EDU
Composantes;EMS;1010;EMS;PAIE7EMS;PAIE RP  EMS
Composantes;EOT;1010;EOT;PAIE7EOT;PAIE RP  EOT
Composantes;EPE;1010;EPE;PAIE7EPE;PAIE RP  ESPE
Composantes;ESB;1010;ESB;PAIE7ESB;PAIE RP  ESB
Composantes;ESP;1010;ESP;PAIE7ESP;PAIE RP  ESP
Composantes;GEO;1010;GEO;PAIE7GEO;PAIE RP  GEO
Composantes;HIS;1010;HIS;PAIE7HIS;PAIE RP  HIS
Composantes;IEF;1010;IEF;PAIE7IEF;PAIE RP  IEF
Composantes;IEP;1010;IEP;PAIE7IEP;PAIE RP  IEP
Composantes;IHA;1010;IHA;PAIE7IHA;PAIE RP  IHA
Composantes;ILL;1010;ILL;PAIE7ILL;PAIE RP  ILL
Composantes;ISC;1010;ISC;PAIE7ISC;PAIE RP  ISC
Composantes;ITR;1010;ITR;PAIE7ITR;PAIE RP  ITR
Services Centraux;TRA;1010;TRA;PAIE7JDS;PAIE RP  JDS
Composantes;LET;1010;LET;PAIE7LET;PAIE RP  LET
Composantes;MAI;1010;MAI;PAIE7MAI;PAIE RP  MAI
Composantes;MED;1010;MED;PAIE7MED;PAIE RP  MED
Services Centraux;DRI;1010;DRI;PAIE7MUI;PAIE RP  MUI
Services Centraux;TRA;1010;TRA;PAIE7NET;PAIE RP  NET
Composantes;ODO;1010;ODO;PAIE7ODO;PAIE RP  ODO
Composantes;PAG;1010;PAG;PAIE7PAG;PAIE RP  PAG
Composantes;PHA;1010;PHA;PAIE7PHA;PAIE RP  PHA
Composantes;PHI;1010;PHI;PAIE7PHI;PAIE RP  PHI
Composantes;PLI;1010;PLI;PAIE7PLI;PAIE RP  PLI
Services Centraux;PRE;1010;PRE;PAIE7PRE;PAIE  RP PRES
Services Centraux;PSE;1010;PSE;PAIE7PSE;PAIE RP  PSE
Composantes;PSY;1010;PSY;PAIE7PSY;PAIE RP  PSY
Services Communs;SAS;1010;SAS;PAIE7SAS;PAIE RP  SAS
Services Communs;SCD;1010;SCD;PAIE7SCD;PAIE RP  SCD
Composantes;SEG;1010;SEG;PAIE7SEG;PAIE RP  SEG
Services Communs;SFC;1010;SFC;PAIE7SFC;PAIE RP  SFC
Composantes;SOC;1010;SOC;PAIE7SOC;PAIE RP  SOC
Services Centraux;DRH;1010;DRH;PAIE7SPA;PAIE RP  SPACS
Services Centraux;SRA;1010;SRA;PAIE7SRA;PAIE RP  ALUMNI
Services Centraux;SVU;1010;SVU;PAIE7SUM;PAIE RP  SUMPS
Services Centraux;SVU;1010;SVU;PAIE7SVU;PAIE RP  SVU
Composantes;THC;1010;THC;PAIE7THC;PAIE RP  THC
Composantes;THP;1010;THP;PAIE7THP;PAIE RP  THP
Composantes;VIE;1010;VIE;PAIE7VIE;PAIE RP  VIE
Paie Niv Central;PAIE;1010;PAIE;PAIEAUT;OP REGU ET PAF
Composantes;PHA;1010;CPE;PHA;FAC DE PHARMACIE
Composantes;PHA;1010;PHA;PHA1;PHA-LOG IMMO ET SECU
Composantes;PHA;1010;PHA;PHA2;PHA-PIL ET LOG COMP
Composantes;PHA;1010;PHA;PHA3;PHA-FORM DN
Composantes;PHA;1010;PHA;PHA5;PHA-FORM NON DIPLOM
Composantes;PHI;1010;CPE;PHI;UFR PHYSIQUE INGEN.
Composantes;PHI;1010;PHI;PHI1;PHI-LOG IMMO ET SECU
Composantes;PHI;1010;PHI;PHI2;PHI-COM PIL ET LOG
Composantes;PHI;1010;PHI;PHI3;PHI-FORM DN
Composantes;PHI;1010;PHI3;PHI3CIT;PHI-CIT
Composantes;PHI;1010;PHI3;PHI3LC;PHI-COMMUN LICENCE
Composantes;PHI;1010;PHI3;PHI3LC1;PHI-LIC PHYS ESA
Composantes;PHI;1010;PHI3;PHI3LC2;PHI-LIC PHYS ING
Composantes;PHI;1010;PHI3;PHI3LP1;PHI-LIC PRO MOV
Composantes;PHI;1010;PHI3;PHI3LP2;PHI-LIC PRO PIP
Composantes;PHI;1010;PHI3;PHI3LP3;PHI-LIC PRO QMEE
Composantes;PHI;1010;PHI3;PHI3LP4;PHI-LIC PRO TNRP
Composantes;PHI;1010;PHI3;PHI3LP5;PHI-LIC PRO IEII
Composantes;PHI;1010;PHI3;PHI3MIGE;PHI-MIGE
Composantes;PHI;1010;PHI3;PHI3MR;PHI-COMMUN MASTER
Composantes;PHI;1010;PHI3;PHI3MR1;PHI-MR PHYSIQUE
Composantes;PHI;1010;PHI3;PHI3MR2;PHI-MR MATERIAUX
Composantes;PHI;1010;PHI3;PHI3MR3;PHI-MR PREPA ENS
Composantes;PHI;1010;PHI3;PHI3MR4;PHI-MR SPI
Composantes;PHI;1010;PHI3;PHI3PLF;PHI-PLAT PROJ
Composantes;PHI;1010;PHI3;PHI3SAB;PHI-SB TP LABO
Composantes;PLI;1010;CPE;PLI;FAC DE PHILOSOPHIE
Composantes;PLI;1010;PLI;PLI2;PLI-PIL ET LOG COMP
Composantes;PLI;1010;PLI;PLI3;PLI-FORM DN
Composantes;PLI;1010;PLI;PLI5;PLI-FORM NON DIPLOM
Services Centraux;PRE;1010;SCX;PRE;PRESIDENCE
Services Centraux;PRE;1010;PRE;PRECOT;PRE-COTIS ET SUBV
Services Centraux;PRE;1010;PRE;PREFCT;PRE-FONCT PRES
Services Centraux;PRE;1010;PRE;PREPIA;PRE-INV D'AVENIR
Services Centraux;PRE;1010;PRE;PREPIAEASE;PRE-PIA EASE
Services Centraux;PRE;1010;PRE;PREPIAECO;PRE-INV AVENIR ECO
Services Centraux;PRE;1010;PRE;PREPIAFOR;PRE-INV AVENIR FORM
Services Centraux;PRE;1010;PRE;PREPIAMEO;PRE-INV AVENIR MEO
Services Centraux;PRE;1010;PRE;PREPIAMSA;PRE-PIA MSA
Services Centraux;PRE;1010;PRE;PREPIAPIL;PRE-INV AVENIR PILOT
Services Centraux;PRE;1010;PRE;PREPIARCH;PRE-INV AVENIR RCH
Services Centraux;PRE;1010;PRE;PREPIASOC;PRE-INV AVENIR SOC
Services Centraux;PRE;1010;PRE;PREPRO;PRE-PROJETS INNOV
Services Centraux;PSE;1010;SCX;PSE;SPSE
Composantes;PSY;1010;CPE;PSY;FAC DE PSYCHOLOGIE
Composantes;PSY;1010;PSY;PSY1;PSY-LOG IMMO ET SECU
Composantes;PSY;1010;PSY;PSY2;PSY-PIL ET LOG COMP
Composantes;PSY;1010;PSY;PSY3;PSY-FORM DN
PUS;PUS;1010;1030;PUS;PRESSES UNIV STRAS
PUS;PUS;1010;PUS;PUSACT;PUS-ACTIVITES PUS
PUS;PUS;1010;PUS;PUSAMOR;PUS-AMORTISSEMENTS
Recherche;AARN;1010;RCH;AARN;UPR 9002
Recherche;ED;1010;RCH;ED;ED
Recherche;ED;1010;ED;R10ED101;ED 101  DSPH
Recherche;ED;1010;ED;R10ED520;ED 520 HUMANITES
Recherche;MISH;1010;RCH;MISH;USR 3227
Recherche;MISH;1010;MISH;R10MISH;USR 3227
Recherche;CDPF;1010;RCH;CDPF;EA 1351
Recherche;CDPF;1010;CDPF;R11CDPF;EA 1351
Recherche;CEIE;1010;RCH;CEIE;EA 7307
Recherche;CEIE;1010;CEIE;R11CEIE;EA 7307
Recherche;DRES;1010;RCH;DRES;UMR 7354
Recherche;DRES;1010;DRES;R11DRES;UMR 7354
Recherche;DRES;1010;R11DRES;R11DRESE01;UMR 7354 EQ 01
Recherche;DRES;1010;R11DRES;R11DRESE02;UMR 7354 EQ 02
Recherche;DRES;1010;R11DRES;R11DRESE03;UMR 7354 EQ 03
Recherche;DRES;1010;R11DRES;R11DRESE04;UMR 7354 EQ 04
Recherche;DRES;1010;R11DRES;R11DRESE05;UMR 7354 EQ 05
Recherche;EUMU;1010;RCH;EUMU;FR 3241
Recherche;EUMU;1010;EUMU;R11EUMU;FR 3241
Recherche;IRMC;1010;RCH;IRMC;EA 3399
Recherche;IRMC;1010;IRMC;R11IRCM;EA 3399
Recherche;LRCE;1010;LRCE;R11LRCE;EA 4375
Recherche;SAGE;1010;RCH;SAGE;UMR 7363
Recherche;SAGE;1010;SAGE;R11SAGE;UMR 7363
Recherche;DYNA;1010;RCH;DYNA;UMR 7367
Recherche;DYNA;1010;DYNA;R12DYNA;UMR 7367
Recherche;DYNA;1010;R12DYNA;R12DYNAE01;UMR 7367 EQ 01
Recherche;DYNA;1010;R12DYNA;R12DYNAE02;UMR 7367 EQ 02
Recherche;DYNA;1010;R12DYNA;R12DYNAE03;UMR 7367 EQ 03
Recherche;ED;1010;ED;R12ED519;ED 519 SHS-PE
Recherche;BETA;1010;BETA;R13BETA;UMR 7522
Recherche;BETA;1010;R13BETA;R13BETAE01;UMR 7522 EQ 01
Recherche;BETA;1010;R13BETA;R13BETAE02;UMR 7522 EQ 02
Recherche;BETA;1010;R13BETA;R13BETAE03;UMR 7522 EQ 03
Recherche;BETA;1010;R13BETA;R13BETAE04;UMR 7522 EQ 04
Recherche;BETA;1010;R13BETA;R13BETAE05;UMR 7522 EQ 05
Recherche;ED;1010;ED;R13ED221;ED 221 COURNOT
Recherche;HUMA;1010;RCH;HUMA;EA 7308
Recherche;HUMA;1010;HUMA;R13HUMA;EA 7308
Recherche;IRIS;1010;RCH;IRIS;EA 3424
Recherche;IRIS;1010;IRIS;R13IRIS;EA 3424
Recherche;IRIS;1010;R13IRIS;R13IRISE02;EA 3424 EQ 02
Recherche;LARG;1010;RCH;LARG;EA 2364
Recherche;LARG;1010;LARG;R13LARG;EA 2364
Recherche;AHME;1010;RCH;AHME;UMR 7044
Recherche;AHME;1010;AHME;R14AHME;UMR 7044
Recherche;ARCH;1010;RCH;ARCH;EA 3400
Recherche;ARCH;1010;ARCH;R14ARCH;EA 3400
Recherche;LIVE;1010;RCH;LIVE;UMR 7362
Recherche;LIVE;1010;LIVE;R14LIVE;UMR 7362
Recherche;LISE;1010;RCH;LISE;EA 2310
Recherche;LISE;1010;LISE;R15LISE;EA 2310
Recherche;LNCA;1010;RCH;LNCA;UMR 7364
Recherche;LNCA;1010;LNCA;R15LNCA;UMR 7364
Recherche;LPCO;1010;RCH;LPCO;EA 4440
Recherche;LPCO;1010;LPCO;R15LPCO;EA 4440
Recherche;SULI;1010;RCH;SULI;EA 3071
Recherche;SULI;1010;SULI;R15SULI;EA 3071
Recherche;CARR;1010;RCH;CARR;EA 3094
Recherche;CARR;1010;CARR;R16CARR;EA 3094
Recherche;CHER;1010;RCH;CHER;EA 4376
Recherche;CHER;1010;CHER;R16CHER;EA 4376
Recherche;CLIT;1010;RCH;CLIT;EA 1337
Recherche;CLIT;1010;CLIT;R16CLIT;EA 1337
Recherche;EGER;1010;RCH;EGER;EA 1341
Recherche;EGER;1010;EGER;R16EGER;EA 1341
Recherche;GEOS;1010;RCH;GEOS;EA 1340
Recherche;GEOS;1010;GEOS;R16GEOS;EA 1340
Recherche;LILP;1010;RCH;LILP;EA 1339
Recherche;LILP;1010;LILP;R16LILP;EA 1339
Recherche;SEAR;1010;RCH;SEAR;EA 2325
Recherche;SEAR;1010;SEAR;R16SEAR;EA 2325
Recherche;ED;1010;ED;R17ED270;ED 270 THEOLOGIE
Recherche;PHAC;1010;RCH;PHAC;EA 2326
Recherche;PHAC;1010;PHAC;R17PHAC;EA 2326
Recherche;TCSR;1010;RCH;TCSR;EA 4377
Recherche;TCSR;1010;TCSR;R17TCSR;EA 4377
Recherche;TPRO;1010;RCH;TPRO;EA 4378
Recherche;TPRO;1010;TPRO;R17TPRO;EA 4378
Recherche;ACCR;1010;RCH;ACCR;EA 3402
Recherche;ACCR;1010;ACCR;R18ACCR;EA 3402
Recherche;JC;1010;RCH;JC;BOURSES JC
Recherche;JC;1010;JC;R1JCSHS;JC SHS
Recherche;ED;1010;ED;R20ED269;ED 269 MATHEMATI
Recherche;IRMA;1010;RCH;IRMA;UMR 7501
Recherche;IRMA;1010;IRMA;R21IRMA;UMR 7501
Recherche;IRMA;1010;R21IRMA;R21IRMABIB;UMR 7501 BIBLIO
Recherche;ICUB;1010;RCH;ICUB;UMR 7357
Recherche;ICUB;1010;ICUB;R22ICUB;UMR 7357
Recherche;ICUB;1010;R22ICUB;R22ICUBE01;UMR 7357 EQ 01
Recherche;ICUB;1010;R22ICUB;R22ICUBE02;UMR 7357 EQ 02
Recherche;ICUB;1010;R22ICUB;R22ICUBE03;UMR 7357 EQ 03
Recherche;ICUB;1010;R22ICUB;R22ICUBE04;UMR 7357 EQ 04
Recherche;ICUB;1010;R22ICUB;R22ICUBE05;UMR 7357 EQ 05
Recherche;ICUB;1010;R22ICUB;R22ICUBE06;UMR 7357 EQ 06
Recherche;ICUB;1010;R22ICUB;R22ICUBE07;UMR 7357 EQ 07
Recherche;ICUB;1010;R22ICUB;R22ICUBE08;UMR 7357 EQ 08
Recherche;ICUB;1010;R22ICUB;R22ICUBE09;UMR 7357 EQ 09
Recherche;ICUB;1010;R22ICUB;R22ICUBE10;UMR 7357 EQ 10
Recherche;ICUB;1010;R22ICUB;R22ICUBE11;UMR 7357 EQ 11
Recherche;ICUB;1010;R22ICUB;R22ICUBE12;UMR 7357 EQ 12
Recherche;ICUB;1010;R22ICUB;R22ICUBE13;UMR 7357 EQ 13
Recherche;ICUB;1010;R22ICUB;R22ICUBE14;UMR 7357 EQ 14
Recherche;ICUB;1010;R22ICUB;R22ICUBE15;UMR 7357 EQ 15
Recherche;ICUB;1010;R22ICUB;R22ICUBE16;UMR 7357 EQ 16
Recherche;ICUB;1010;R22ICUB;R22ICUBE17;UMR 7357 EQ 17
Recherche;ICUB;1010;R22ICUB;R22ICUBE18;UMR 7357 EQ 18
Recherche;ICUB;1010;R22ICUB;R22ICUBE19;UMR 7357 EQ 19
Recherche;ICUB;1010;R22ICUB;R22ICUBE20;UMR 7357 EQ 20
Recherche;JC;1010;JC;R2JCMISI;JC M-STIC-I-S
Recherche;ED;1010;ED;R31ED413;ED 413 STUE
Recherche;EOST;1010;RCH;EOST;UMS 830
Recherche;EOST;1010;EOST;R31EOST;UMS 830
Recherche;EOST;1010;R31EOST;R31EOSTE01;UMS 830 EQ 01
Recherche;EOST;1010;R31EOST;R31EOSTE02;UMS 830 EQ 02
Recherche;EOST;1010;R31EOST;R31EOSTE03;UMS 830 EQ 03
Recherche;EOST;1010;R31EOST;R31EOSTE04;UMS 830 EQ 04
Recherche;EOST;1010;R31EOST;R31EOSTE05;UMS 830 EQ 05
Recherche;EOST;1010;R31EOST;R31EOSTE06;UMS 830 EQ 06
Recherche;EOST;1010;R31EOST;R31EOSTE07;UMS 830 EQ 07
Recherche;EOST;1010;R31EOST;R31EOSTE08;UMS 830 EQ 08
Recherche;EOST;1010;R31EOST;R31EOSTE09;UMS 830 EQ 09
Recherche;EOST;1010;R31EOST;R31EOSTE10;UMS 830 EQ 10
Recherche;EOST;1010;R31EOST;R31EOSTE11;UMS 830 EQ 11
Recherche;EOST;1010;R31EOST;R31EOSTE12;UMS 830 EQ 12
Recherche;IPGS;1010;RCH;IPGS;UMR 7516
Recherche;IPGS;1010;IPGS;R31IPGS;UMR 7516
Recherche;IPGS;1010;R31IPGS;R31IPGSE01;UMR 7516 EQ 01
Recherche;IPGS;1010;R31IPGS;R31IPGSE02;UMR 7516 EQ 02
Recherche;IPGS;1010;R31IPGS;R31IPGSE03;UMR 7516 EQ 03
Recherche;IPGS;1010;R31IPGS;R31IPGSE04;UMR 7516 EQ 04
Recherche;LHYG;1010;RCH;LHYG;UMR 7517
Recherche;LHYG;1010;LHYG;R31LHYG;UMR 7517
Recherche;OBAS;1010;RCH;OBAS;UMR 7550
Recherche;OBAS;1010;OBAS;R31OBAS;UMR 7550
Recherche;PEOT;1010;RCH;PEOT;PLATEFORME EOT
Recherche;PEOT;1010;PEOT;R31PEOT;PLATEFORME EOT
Recherche;CHIM;1010;RCH;CHIM;UMR 7177
Recherche;CHIM;1010;CHIM;R32CHIM;UMR 7177
Recherche;CHIM;1010;R32CHIM;R32CHIME01;UMR 7177 EQ 01
Recherche;CHIM;1010;R32CHIM;R32CHIME02;UMR 7177 EQ 02
Recherche;CHIM;1010;R32CHIM;R32CHIME03;UMR 7177 EQ 03
Recherche;CHIM;1010;R32CHIM;R32CHIME04;UMR 7177 EQ 04
Recherche;CHIM;1010;R32CHIM;R32CHIME05;UMR 7177 EQ 05
Recherche;CHIM;1010;R32CHIM;R32CHIME06;UMR 7177 EQ 06
Recherche;CHIM;1010;R32CHIM;R32CHIME07;UMR 7177 EQ 07
Recherche;CHIM;1010;R32CHIM;R32CHIME08;UMR 7177 EQ 08
Recherche;CHIM;1010;R32CHIM;R32CHIME10;UMR 7177 EQ 10
Recherche;CHIM;1010;R32CHIM;R32CHIME11;UMR 7177 EQ 11
Recherche;CHIM;1010;R32CHIM;R32CHIME12;UMR 7177 EQ 12
Recherche;CHIM;1010;R32CHIM;R32CHIME13;UMR 7177 EQ 13
Recherche;CHIM;1010;R32CHIM;R32CHIME14;UMR 7177 EQ 14
Recherche;CHIM;1010;R32CHIM;R32CHIME15;UMR 7177 EQ 15
Recherche;CHIM;1010;R32CHIM;R32CHIME16;UMR 7177 EQ 16
Recherche;CHIM;1010;R32CHIM;R32CHIME18;UMR 7177 EQ 18
Recherche;CHIM;1010;R32CHIM;R32CHIME19;UMR 7177 EQ 19
Recherche;CHIM;1010;R32CHIM;R32CHIME20;UMR 7177 EQ 20
Recherche;CHIM;1010;R32CHIM;R32CHIME21;UMR 7177 EQ 21
Recherche;CHIM;1010;R32CHIM;R32CHIME22;UMR 7177 EQ 22
Recherche;CHSC;1010;RCH;CHSC;PLATEFORME CHM
Recherche;CHSC;1010;CHSC;R32CHSC;PLATEFORME CHM
Recherche;CHSC;1010;R32CHSC;R32CHSCE01;PLF CHIMIE EQ1 AMS
Recherche;CHSC;1010;R32CHSC;R32CHSCE02;PLF CHIMIE EQ2 RMN
Recherche;CHSC;1010;R32CHSC;R32CHSCE03;PLF CHIMIE EQ3 RPE
Recherche;CHSC;1010;R32CHSC;R32CHSCE04;PLF CHIMIE EQ4 RX
Recherche;CHSC;1010;R32CHSC;R32CHSCE05;PLF CHIMIE EQ5 SM
Recherche;CHSC;1010;R32CHSC;R32CHSCE06;PLF CHIMIE EQ6 ACM
Recherche;CMCX;1010;RCH;CMCX;UMR 7140
Recherche;CMCX;1010;CMCX;R32CMCX;UMR 7140
Recherche;CMCX;1010;R32CMCX;R32CMCXE01;UMR 7140 EQ 01
Recherche;CMCX;1010;R32CMCX;R32CMCXE02;UMR 7140 EQ 02
Recherche;CMCX;1010;R32CMCX;R32CMCXE03;UMR 7140 EQ 03
Recherche;CMCX;1010;R32CMCX;R32CMCXE04;UMR 7140 EQ 04
Recherche;CMCX;1010;R32CMCX;R32CMCXE05;UMR 7140 EQ 05
Recherche;ED;1010;ED;R32ED182;ED 182 PHYSIQUE
Recherche;ED;1010;ED;R32ED222;ED 222 SCIENCES
Recherche;FCPM;1010;RCH;FCPM;ECPM FED RECHERC
Recherche;FCPM;1010;FCPM;R32FCPM;ECPM FED RECHERC
Recherche;ICPE;1010;RCH;ICPE;UMR 7515
Recherche;ICPE;1010;ICPE;R32ICPE;UMR 7515
Recherche;ICPE;1010;R32ICPE;R32ICPEE01;UMR 7515 EQ 01
Recherche;ICPE;1010;R32ICPE;R32ICPEE02;UMR 7515 EQ 02
Recherche;ICPE;1010;R32ICPE;R32ICPEE03;UMR 7515 EQ 03
Recherche;ICPE;1010;R32ICPE;R32ICPEE04;UMR 7515 EQ 04
Recherche;ICPE;1010;R32ICPE;R32ICPEE05;UMR 7515 EQ 05
Recherche;ICPE;1010;R32ICPE;R32ICPEE06;UMR 7515 EQ 06
Recherche;ICPE;1010;R32ICPE;R32ICPEE07;UMR 7515 EQ 07
Recherche;ICPE;1010;R32ICPE;R32ICPEE08;UMR 7515 EQ 08
Recherche;ICPE;1010;R32ICPE;R32ICPEE09;UMR 7515 EQ 09
Recherche;ICPE;1010;R32ICPE;R32ICPEE10;UMR 7515 EQ 10
Recherche;ICPE;1010;R32ICPE;R32ICPEE11;UMR 7515 EQ 11
Recherche;INCS;1010;RCH;INCS;UPR 22
Recherche;INCS;1010;INCS;R32INCS;UPR 22
Recherche;IPCM;1010;RCH;IPCM;UMR 7504
Recherche;IPCM;1010;IPCM;R32IPCM;UMR 7504
Recherche;IPHC;1010;RCH;IPHC;UMR 7178
Recherche;IPHC;1010;IPHC;R32IPHC;UMR 7178
Recherche;ISIS;1010;RCH;ISIS;UMR 7006
Recherche;ISIS;1010;ISIS;R32ISIS;UMR 7006
Recherche;ISIS;1010;R32ISIS;R32ISISE01;UMR 7006 EQ 01
Recherche;ISIS;1010;R32ISIS;R32ISISE02;UMR 7006 EQ 02
Recherche;ISIS;1010;R32ISIS;R32ISISE03;UMR 7006 EQ 03
Recherche;ISIS;1010;R32ISIS;R32ISISE04;UMR 7006 EQ 04
Recherche;ISIS;1010;R32ISIS;R32ISISE05;UMR 7006 EQ 05
Recherche;ISIS;1010;R32ISIS;R32ISISE06;UMR 7006 EQ 06
Recherche;ISIS;1010;R32ISIS;R32ISISE07;UMR 7006 EQ 07
Recherche;ISIS;1010;R32ISIS;R32ISISE08;UMR 7006 EQ 08
Recherche;ISIS;1010;R32ISIS;R32ISISE09;UMR 7006 EQ 09
Recherche;ISIS;1010;R32ISIS;R32ISISE10;UMR 7006 EQ 10
Recherche;ISIS;1010;R32ISIS;R32ISISE11;UMR 7006 EQ 11
Recherche;LDCM;1010;RCH;LDCM;UMR 7509
Recherche;LDCM;1010;LDCM;R32LDCM;UMR 7509
Recherche;LDCM;1010;R32LDCM;R32LDCME01;UMR 7509 EQ 01
Recherche;LDCM;1010;R32LDCM;R32LDCME02;UMR 7509 EQ 02
Recherche;LDCM;1010;R32LDCM;R32LDCME03;UMR 7509 EQ 03
Recherche;LDCM;1010;R32LDCM;R32LDCME04;UMR 7509 EQ 04
Recherche;LDCM;1010;R32LDCM;R32LDCME05;UMR 7509 EQ 05
Recherche;LDCM;1010;R32LDCM;R32LDCME06;UMR 7509 EQ 06
Recherche;LDCM;1010;R32LDCM;R32LDCME07;UMR 7509 EQ 07
Recherche;PRMN;1010;RCH;PRMN;UMR 7509 SERVICE
Recherche;PRMN;1010;PRMN;R32PRMN;UMR 7509 SERVICE
Recherche;JC;1010;JC;R3JCSMTU;JC SMTU
Recherche;ED;1010;ED;R40ED414;ED 414 SVS
Recherche;AARN;1010;AARN;R41AARN;UPR 9002
Recherche;BSIC;1010;RCH;BSIC;UMR 7242
Recherche;BSIC;1010;BSIC;R41BSIC;UMR 7242
Recherche;GMGM;1010;RCH;GMGM;UMR 7156
Recherche;GMGM;1010;GMGM;R41GMGM;UMR 7156
Recherche;GMGM;1010;R41GMGM;R41GMGME01;UMR 7156 EQ 1
Recherche;GMGM;1010;R41GMGM;R41GMGME04;UMR 7156 EQ 4
Recherche;IBMP;1010;RCH;IBMP;UPR 2357
Recherche;IBMP;1010;IBMP;R41IBMP;UPR 2357
Recherche;MCPN;1010;RCH;MCPN;UMR_S 1118
Recherche;MCPN;1010;MCPN;R41MCPN;UMR_S 1118
Recherche;PVIE;1010;RCH;PVIE;PLATEFORME VIE
Recherche;PVIE;1010;PVIE;R41PVIE;PLATEFORME VIE
Recherche;RIDI;1010;RCH;RIDI;UPR 9022
Recherche;RIDI;1010;RIDI;R41RIDI;UPR 9022
Recherche;SVQV;1010;RCH;SVQV;UMR_A 1131
Recherche;SVQV;1010;SVQV;R41SVQV;UMR_A 1131
Recherche;ANMD;1010;RCH;ANMD;ANIMALERIE MEDECINE
Recherche;ANMD;1010;ANMD;R42ANMD;ANIMALERIE MEDECINE
Recherche;ANPH;1010;RCH;ANPH;ANIMALERIE PHA
Recherche;ANPH;1010;ANPH;R42ANPH;ANIMALERIE PHA
Recherche;BCYT;1010;RCH;BCYT;UPS 1401
Recherche;BCYT;1010;BCYT;R42BCYT;UPS 1401
Recherche;BMAT;1010;RCH;BMAT;UMR_S 1121
Recherche;BMAT;1010;BMAT;R42BMAT;UMR_S 1121
Recherche;BMNS;1010;RCH;BMNS;UMR_S 1119
Recherche;BMNS;1010;BMNS;R42BMNS;UMR_S 1119
Recherche;BPPS;1010;RCH;BPPS;UMR_S 949
Recherche;BPPS;1010;BPPS;R42BPPS;UMR_S 949
Recherche;CAMB;1010;RCH;CAMB;UMR 7199
Recherche;CAMB;1010;CAMB;R42CAMB;UMR 7199
Recherche;CI2N;1010;RCH;CI2N;UMS 3489
Recherche;CI2N;1010;CI2N;R42CI2N;UMS 3489
Recherche;DIAT;1010;RCH;DIAT;EA 7294
Recherche;DIAT;1010;DIAT;R42DIAT;EA 7294
Recherche;DIHP;1010;RCH;DIHP;EA 7292
Recherche;DIHP;1010;DIHP;R42DIHP;EA 7292
Recherche;FMED;1010;RCH;FMED;MED FEDERAT RECH
Recherche;FMED;1010;FMED;R42FMED;MED FEDERAT RECH
Recherche;FMTR;1010;RCH;FMTR;FMTS FED RCH MED
Recherche;FMTR;1010;FMTR;R42FMTR;FMTS FED RCH MED
Recherche;ICTH;1010;RCH;ICTH;UPR 9021
Recherche;ICTH;1010;ICTH;R42ICTH;UPR 9021
Recherche;IGBM;1010;RCH;IGBM;UMR 7104
Recherche;IGBM;1010;IGBM;R42IGBM;UMR 7104
Recherche;IMVH;1010;RCH;IMVH;UMR_S 1110
Recherche;IMVH;1010;IMVH;R42IMVH;UMR_S 1110
Recherche;INCI;1010;RCH;INCI;UPR 3212
Recherche;INCI;1010;INCI;R42INCI;UPR 3212
Recherche;IRHM;1010;RCH;IRHM;UMR_S 1109
Recherche;IRHM;1010;IRHM;R42IRHM;UMR_S 1109
Recherche;LBPH;1010;RCH;LBPH;UMR 7213
Recherche;LBPH;1010;LBPH;R42LBPH;UMR 7213
Recherche;LGMO;1010;RCH;LGMO;UMR_S 1112
Recherche;LGMO;1010;LGMO;R42LGMO;UMR_S 1112
Recherche;LITH;1010;RCH;LITH;UMR 7200
Recherche;LITH;1010;LITH;R42LITH;UMR 7200
Recherche;LNPC;1010;RCH;LNPC;EA 7296
Recherche;LNPC;1010;LNPC;R42LNPC;EA 7296
Recherche;MSOP;1010;RCH;MSOP;EA 3072
Recherche;MSOP;1010;MSOP;R42MSOP;EA 3072
Recherche;NCPS;1010;RCH;NCPS;UMR_S 1114
Recherche;NCPS;1010;NCPS;R42NCPS;UMR_S 1114
Recherche;PCBI;1010;RCH;PCBI;UMS 3286
Recherche;PCBI;1010;PCBI;R42PCBI;UMS 3286
Recherche;PIQP;1010;RCH;PIQP;IMAGERIE QUANT PHA
Recherche;PIQP;1010;PIQP;R42PIQP;IMAGERIE QUANT PHA
Recherche;PMED;1010;RCH;PMED;PLATEFORME MED IIV
Recherche;PMED;1010;PMED;R42PMED;PLATEFORME MED IIV
Recherche;PPHA;1010;RCH;PPHA;PLATEFORME PHA
Recherche;PPHA;1010;PPHA;R42PPHA;PLATEFORME PHA
Recherche;DIRE;1010;DIRE;R42PRCH01;CONTRAT RCH 1
Recherche;DIRE;1010;DIRE;R42PRCH02;CONTRAT RCH 2
Recherche;DIRE;1010;DIRE;R42PRCH03;CONTRAT RCH 3
Recherche;PTMA;1010;RCH;PTMA;EA 3430
Recherche;PTMA;1010;PTMA;R42PTMA;EA 3430
Recherche;PTMA;1010;R42PTMA;R42PTMAE01;EA 3430 EQ01
Recherche;PTMA;1010;R42PTMA;R42PTMAE02;EA 3430 EQ02
Recherche;PTMA;1010;R42PTMA;R42PTMAE03;EA 3430 EQ03
Recherche;PTMA;1010;R42PTMA;R42PTMAE04;EA 3430 EQ04
Recherche;PTMA;1010;R42PTMA;R42PTMAE05;EA 3430 EQ05
Recherche;SVTT;1010;RCH;SVTT;EA 7293
Recherche;SVTT;1010;SVTT;R42SVTT;EA 7293
Recherche;TOXI;1010;RCH;TOXI;TOXICOLOGIE MEDECINE
Recherche;TOXI;1010;TOXI;R42TOXI;TOXICOLOGIE MEDECINE
Recherche;VIBP;1010;RCH;VIBP;EA 7290
Recherche;VIBP;1010;VIBP;R42VIBP;EA 7290
Recherche;VIBP;1010;R42VIBP;R42VIBPE01;EA 7290 EQ 01
Recherche;VIBP;1010;R42VIBP;R42VIBPE02;EA 7290 EQ 02
Recherche;VSDS;1010;RCH;VSDS;UMR_S 1113
Recherche;VSDS;1010;VSDS;R42VSDS;UMR_S 1113
Recherche;SPSS;1010;RCH;SPSS;EA 1342
Recherche;SPSS;1010;SPSS;R44SPSS;EA 1342
Recherche;JC;1010;JC;R4JCSVIV;JC SCIENCE VIVANT
Recherche;DIRE;1010;DIRE;R50CALS;CENTRE CALCUL SC
Recherche;ED;1010;ED;R50CED;COLLEGE DES ED
Recherche;DIRE;1010;DIRE;R50COMRCH;COMMISSION RCH
Recherche;DIRE;1010;DIRE;R50CRYO;CRYOGENIE
Recherche;DIRE;1010;DIRE;R50FAS;FONDS AUTO ASSURAN
Recherche;DIRE;1010;DIRE;R50PRCH;PLURIDISCIPLINAIRE
Recherche;DIRE;1010;DIRE;R50PROJ;PROJETS
Recherche;DIRE;1010;1010;RCH;RECHERCHE
Recherche;DIRE;1010;RCH;DIRE;DIRE
Recherche;DIRE;1010;DIRE;RIDEXATTR ;ATTRACTIVITE
Recherche;DIRE;1010;DIRE;RIDEXIEAS ;USIAS
Recherche;DIRE;1010;DIRE;RIDEXIPDP ;INTERNATIONAL PHD
Services Communs;SAS;1010;SCC;SAS;SUAPS
Services Communs;SAS;1010;SAS;SAS1;SAS-LOG IMMO ET SECU
Services Communs;SAS;1010;SAS;SAS2;SAS-PIL ET LOG COMP
Services Communs;SAS;1010;SAS;SAS7;SAS-ACTIVITES
Services communs;Services communs;1010;1010;SCC;SERVICES COMMUNS
Services Communs;SCD;1010;SCC;SCD;SCD
Services Communs;SCD;1010;SCD;SCD1;SCD-LOG IMMO ET SEC
Services Communs;SCD;1010;SCD;SCD2;SCD-PIL ET LOG ADM
Services Communs;SCD;1010;SCD2;SCD2E;SCD-URFIST
Services Communs;SCD;1010;SCD2;SCD2SITE;SCD-SITE
Services Communs;SCD;1010;SCD;SCD8BIBB;SCD-DPT SCES SANTE
Services Communs;SCD;1010;SCD;SCD8BIBC;SCD-DPT LSH
Services Communs;SCD;1010;SCD;SCD8BIBD;SCD-DPT SJPEG
Services Communs;SCD;1010;SCD;SCD8DOCE;SCD-DOC ELEC
Services Communs;SCD;1010;SCD;SCD8PEB;SCD-PEB
Services Communs;SCD;1010;SCD;SCD8PERI;SCD-PERIODIQUES
Services Centraux;TRA;1010;1010;SCX;SERVICES CENTRAUX
Composantes;SEG;1010;CPE;SEG;FAC SCES ECO GESTION
Composantes;SEG;1010;SEG;SEG1;SEG-LOG IMMO ET SECU
Composantes;SEG;1010;SEG;SEG2;SEG-PIL ET LOG COMP
Composantes;SEG;1010;SEG;SEG3;SEG-FORM DN
Composantes;SEG;1010;SEG3;SEG3MR1;SEG-T-MR QUALITE FI
Composantes;SEG;1010;SEG3;SEG3MR2;SEG-T-MR PROD LOG IN
Composantes;SEG;1010;SEG3;SEG3MR3;SEG-T-MR GEST JURID
Composantes;SEG;1010;SEG3;SEG3MR4;SEG-T-MR MANAG PROJ
Composantes;SEG;1010;SEG3;SEG3MR5;SEG-T-MR RISQ ASS
Composantes;SEG;1010;SEG3;SEG3MR7;SEG-T-MR MACROECO
Services Communs;SFC;1010;SCC;SFC;SFC
Services Communs;SFC;1010;SFC;SFC1;SFC-LOG IMMO ET SECU
Services Communs;SFC;1010;SFC;SFC2;SFC-PIL ET LOG ADM
Services Communs;SFC;1010;SFC4FD;SFC4DUD1;SFC-DU NIV D SANT
Services Communs;SFC;1010;SFC4FD;SFC4DUD2;SFC-DU NIV D SCIEN
Services Communs;SFC;1010;SFC4FD;SFC4DUD3;SFC-DU NIV D SC HU
Services Communs;SFC;1010;SFC4FD;SFC4DUD4;SFC-DU NIV D DR EC
Services Communs;SFC;1010;SFC4FD;SFC4DUD5;SFC-DU NIV D ARTLV
Services Communs;SFC;1010;SFC4FD;SFC4DUD6;SFC-DU NIV D PLU
Services Communs;SFC;1010;SFC4FD;SFC4DUL1;SFC-DU NIV L SANT
Services Communs;SFC;1010;SFC4FD;SFC4DUL2;SFC-DU NIV L SCIEN
Services Communs;SFC;1010;SFC4FD;SFC4DUL3;SFC-DU NIV L SC HU
Services Communs;SFC;1010;SFC4FD;SFC4DUL4;SFC-DU NIV L DR EC
Services Communs;SFC;1010;SFC4FD;SFC4DUL5;SFC-DU NIV L ARTLV
Services Communs;SFC;1010;SFC4FD;SFC4DUL6;SFC-DU NIV L PLU
Services Communs;SFC;1010;SFC4FD;SFC4DUM1;SFC-DU NIV M SANT
Services Communs;SFC;1010;SFC4FD;SFC4DUM2;SFC-DU NIV M SCIEN
Services Communs;SFC;1010;SFC4FD;SFC4DUM3;SFC-DU NIV M SC HU
Services Communs;SFC;1010;SFC4FD;SFC4DUM4;SFC-DU NIV M DR EC
Services Communs;SFC;1010;SFC4FD;SFC4DUM5;SFC-DU NIV M ARTLV
Services Communs;SFC;1010;SFC4FD;SFC4DUM6;SFC-DU NIV M PLU
Services Communs;SFC;1010;SFC;SFC4FD;SFC-FORM DIPLOMANTE
Services Communs;SFC;1010;SFC;SFC5FND;SFC-FORM NON DIPLO
Services Communs;SFC;1010;SFC5FND;SFC5NDD1;SFC-FND NV D SANT
Services Communs;SFC;1010;SFC5FND;SFC5NDD2;SFC-FND NV D SCIEN
Services Communs;SFC;1010;SFC5FND;SFC5NDD3;SFC-FND NV D SC HU
Services Communs;SFC;1010;SFC5FND;SFC5NDD4;SFC-FND NV D DR EC
Services Communs;SFC;1010;SFC5FND;SFC5NDD5;SFC-FND NV D ARTLV
Services Communs;SFC;1010;SFC5FND;SFC5NDD6;SFC-FND NV D PLU
Services Communs;SFC;1010;SFC5FND;SFC5NDL1;SFC-FND NV L SANT
Services Communs;SFC;1010;SFC5FND;SFC5NDL2;SFC-FND NV L SCIEN
Services Communs;SFC;1010;SFC5FND;SFC5NDL3;SFC-FND NV L SC HU
Services Communs;SFC;1010;SFC5FND;SFC5NDL4;SFC-FND NV L DR EC
Services Communs;SFC;1010;SFC5FND;SFC5NDL5;SFC-FND NV L ARTLV
Services Communs;SFC;1010;SFC5FND;SFC5NDL6;SFC-FND NV L PLU
Services Communs;SFC;1010;SFC5FND;SFC5NDM1;SFC-FND NV M SANT
Services Communs;SFC;1010;SFC5FND;SFC5NDM2;SFC-FND NV M SCIEN
Services Communs;SFC;1010;SFC5FND;SFC5NDM3;SFC-FND NV M SC HU
Services Communs;SFC;1010;SFC5FND;SFC5NDM4;SFC-FND NV M DR EC
Services Communs;SFC;1010;SFC5FND;SFC5NDM5;SFC-FND NV M ARTLV
Services Communs;SFC;1010;SFC5FND;SFC5NDM6;SFC-FND NV M PLU
Services Communs;SFC;1010;SFC;SFC7CPTE;SFC-COMPTE
Services Communs;SFC;1010;SFC;SFCCON;SFC-CONGRES
Services Communs;SFC;1010;SFC;SFCPOL;SFC-POLES
Composantes;SOC;1010;CPE;SOC;FAC SCES SOCIALES
Composantes;SOC;1010;SOC;SOC2;SOC-PIL ET LOG COMP
Composantes;SOC;1010;SOC;SOC3;SOC-FORM DN
Composantes;SOC;1010;SOC3;SOC3CER;SOC-CERIS
Composantes;SOC;1010;SOC3;SOC3DP1;SOC-DP DEMOGRA
Composantes;SOC;1010;SOC3;SOC3DP2;SOC-DP ANTHRO
Composantes;SOC;1010;SOC3;SOC3DP3;SOC-DP SOCIOLOGIE
Composantes;SOC;1010;SOC3;SOC3DP4;SOC-DP URBANISME
Composantes;SOC;1010;SOC3;SOC3DP5;SOC-DP POLEMO
Services Centraux;SRA;1010;SCX;SRA;ALUMNI
Services Centraux;SRA;1010;SRA;SRAFCT;ALU-FONCT ALUMNI
Services Centraux;SVU;1010;SCX;SVU;VIE UNIVERSITAIRE
Services Centraux;SVU;1010;SVU;SVUACT;SVU-ACTIONS CULT
Services Centraux;SVU;1010;SVU;SVUAGO;SVU-AGORA
Services Centraux;SVU;1010;SVU;SVUCAR;SVU-CARTE CULTURE
Services Centraux;SVU;1010;SVU;SVUHAN;SVU-MISSION HANDICAP
Services Centraux;SVU;1010;SVU;SVUSUM;SVU-SUMPS
Composantes;THC;1010;CPE;THC;INSTT THEO CATHO
Composantes;THC;1010;THC;THC2;THC-PIL ET LOG COMP
Composantes;THC;1010;THC;THC3;THC-FORM DN
Composantes;THC;1010;THC;THC4;THC-FORM DU
Composantes;THC;1010;THC;THC5;THC-FORM NON DIPLOM
Composantes;THC;1010;THC;THC8;THC-BIBLIOTHEQUES
Composantes;THP;1010;CPE;THP;INSTT THEO PROTEST
Composantes;THP;1010;THP;THP2;THP-PIL ET LOG COMP
Composantes;THP;1010;THP;THP3;THP-FORM DN
Composantes;THP;1010;THP;THP4;THP-FORM DU
Composantes;THP;1010;THP;THP5;THP-FORM NON DIPLOM
Composantes;THP;1010;THP;THP8;THP-BIBLIOTHEQUES
Services Centraux;TRA;1010;SCX;TRA;ACTIONS TRANSVERSES
Services Centraux;TRA;1010;TRA;TRAAMOR;TRA-AMORTISSEMENTS
Services Centraux;TRA;1010;TRA;TRACMS;TRA-CARTE MULTISERV
Services Centraux;TRA;1010;TRA;TRADOU;TRA-TVX DOUVES
Services Centraux;TRA;1010;TRA;TRAIA;TRA-INV AVENIR
Services Centraux;TRA;1010;TRA;TRAIDEX;TRA-IDEX FRAIS
Services Centraux;TRA;1010;TRA;TRAJDS;TRA-JDS
Services Centraux;TRA;1010;TRA;TRALABU;TRA-LABOS U
Services Centraux;TRA;1010;TRA;TRANET;TRA-NETTOYAGE
Services Centraux;TRA;1010;TRA;TRAPROV;TRA-PROVISIONS
Services Centraux;TRA;1010;TRA;TRASDN;TRA-SDN
Services Centraux;TRA;1010;TRA;TRATEL;TRA-TELEPHONE
UOH;UOH;1010;1040;UOH;UNIV OUV HUMANITES
UOH;UOH;1010;UOH;UOH2;UOH-PIL ET LOG COMP
UOH;UOH;1010;UOH;UOH5;UOH-FORM NON DIPLOM
UOH;UOH;1010;UOH;UOHAMOR;UOH-AMORTISSEMENTS
VAL;VAL;1010;1020;VALO;SAIC UNISTRA
Composantes;VIE;1010;CPE;VIE;FAC DES SC DE LA VIE
Composantes;VIE;1010;VIE;VIE1;VIE-LOG IMMO ET SECU
Composantes;VIE;1010;VIE1;VIE1B;VIE-LI JARDIN BOTA
Composantes;VIE;1010;VIE;VIE2;VIE-PIL ET LOG COMP
Composantes;VIE;1010;VIE;VIE3;VIE-FORM DN
Composantes;VIE;1010;VIE3;VIE3DP1;VIE-DPT BBM
Composantes;VIE;1010;VIE3;VIE3DP2;VIE-DPT BIO ANI
Composantes;VIE;1010;VIE3;VIE3DP3;VIE-DPT BIO CELL
Composantes;VIE;1010;VIE3;VIE3DP4;VIE-DPT MICROORG
Composantes;VIE;1010;VIE3;VIE3DP5;VIE-DPT BIO INFO
Composantes;VIE;1010;VIE3;VIE3DP6;VIE-DPT BIOPHYVEG
Composantes;VIE;1010;VIE3;VIE3DP7;VIE-DPT CHIMIE BIO
Composantes;VIE;1010;VIE3;VIE3DP8;VIE-DPT PHY ANI
Composantes;VIE;1010;VIE3;VIE3PLF;VIE-PLATE BIO PED
Composantes;VIE;1010;VIE;VIE5;VIE-FORM NON DIPLOM
Composantes;VIE;1010;VIE5;VIE5PAG;VIE-PREPA AGREG
Composantes;VIE;1010;VIE5;VIE5PCA;VIE-PREPA CAPES
Composantes;VIE;1010;VIE;VIE61;VIE-COLL HERBIER
Composantes;VIE;1010;VIE;VIE62;VIE-COLL JARD BOT
VAL;SATT;1010;VALO;SATT;SATT
VAL;SATT;1010;SATT;X1PAIESAT;REFACT SAL SAT SHS
VAL;IRMA;1010;VALO;IRMA;IRMA
VAL;IRMA;1010;IRMA;X21IRMAPN;IRMA PLAT NL
VAL;ICUB;1010;VALO;ICUB;ICUBE
VAL;ICUB;1010;X22ICUBPN;X22ICUB1L;ICUBE PLAT RMNG L
VAL;ICUB;1010;X22ICUBPN;X22ICUB1N;ICUBE PLAT RMNG NL
VAL;ICUB;1010;X22ICUBPN;X22ICUB2L;ICUBE PLAT SERTIT L
VAL;ICUB;1010;X22ICUBPN;X22ICUB2N;ICUBE PLAT SERTIT NL
VAL;ICUB;1010;X22ICUBPN;X22ICUB3L;ICUBE PLAT MECA L
VAL;ICUB;1010;X22ICUBPN;X22ICUB3N;ICUBE PLAT MECA NL
VAL;ICUB;1010;X22ICUBPN;X22ICUB4L;ICUBE PLAT I2MT L
VAL;ICUB;1010;X22ICUBPN;X22ICUB4N;ICUBE PLAT I2MT NL
VAL;ICUB;1010;ICUB;X22ICUBPN;ICUBE PLAT UMR 7357 
VAL;SATT;1010;SATT;X2PAIESAT;REFACT SAL SAT SCTI
VAL;EOST;1010;VALO;EOST;EOST
VAL;EOST;1010;EOST;X31EOSTPN;EOT PLAT NL
VAL;OBAS;1010;VALO;OBAS;OBSERVATOIRE
VAL;OBAS;1010;OBAS;X31OBASPN;OBS PLAT NL
VAL;IPHC;1010;VALO;IPHC;IPHC
VAL;IPHC;1010;IPHC;X32IPHCPN;IPHC PLAT NL
VAL;SATT;1010;SATT;X3PAIESAT;REFACT SAL SAT SMTU
VAL;SATT;1010;SATT;X4PAIESAT;REFACT SAL SAT VIV
VAL;SVAL;1010;VALO;SVAL;SERVICE VALO
VAL;SVAL;1010;SVAL;X7AOTL;HEBERG LUCRATIF
VAL;SVAL;1010;SVAL;X7AOTN;HEBERG NON LUCRA
VAL;SVAL;1010;SVAL;X7PLANL;BOUT PLANETARIUM
VAL;SVAL;1010;SVAL;X7PUBLIN;PUBLI MATHS
VAL;CDP;1010;VALO;CDP;CDP
VAL;CDP;1010;CDP;XCDPFL;CDP ACT LUCRA
VAL;CDP;1010;CDP;XCDPFN;CDP ACT NON LUCRA
VAL;SVAL;1010;SVAL;XF1;FONCT GENERAL
VAL;SVAL;1010;SVAL;XF2;BREVETS ET LICENCE
VAL;SVAL;1010;SVAL;XF3;RETOUR PROP.INT.
VAL;SVAL;1010;SVAL;XFAAS;FONDS AUTO ASSURAN
VAL;SVAL;1010;SVAL;XFAMORN;AMORT
VAL;SVAL;1010;SVAL;XFIMPOL;PAIEMENT IMPOT
VAL;SVAL;1010;SVAL;XPRO;PROJETS SAIC
VAL;SVAL;1010;SVAL;XRELSATN;RETOURS SATT
VAL;SVAL;1010;SVAL;XRETOURN;GESTION SAIC
VAL;SVAL;1010;SVAL;XSAICN;ACT DIV SAIC
;;1010;;1010;UNISTRA HORS SACD
;;1010;;1030;PRESSES UNIV STRAS
;;1010;;1040;UNIV OUV HUMANITES
;;1010;;1020;SAIC UNISTRA